Czas,Temperatura procesora,Zużycie procesora
 07-06-2024 22:04:08,44,7.219
 07-06-2024 22:04:09,51,5.074
 07-06-2024 22:04:10,52,14.874
 07-06-2024 22:04:11,54,9.315
 07-06-2024 22:04:12,51,16.867
 07-06-2024 22:04:13,52,22.98
 07-06-2024 22:04:14,55,19.731
 07-06-2024 22:04:15,55,21.033
 07-06-2024 22:04:16,55,20.302
 07-06-2024 22:04:17,56,10.054
 07-06-2024 22:04:18,52,17.927
 07-06-2024 22:04:19,46,8.684
 07-06-2024 22:04:20,51,7.859
 07-06-2024 22:04:21,54,7.535
 07-06-2024 22:04:22,52,7.426
 07-06-2024 22:04:23,44,6.283
 07-06-2024 22:04:24,50,4.83
 07-06-2024 22:04:25,44,5.826
 07-06-2024 22:04:26,51,5.857
 07-06-2024 22:04:27,44,6.309
 07-06-2024 22:04:28,54,4.786
 07-06-2024 22:04:29,43,5.22
 07-06-2024 22:04:30,54,6.019
 07-06-2024 22:04:31,49,8.51
 07-06-2024 22:04:32,51,8.423
 07-06-2024 22:04:33,52,15.179
 07-06-2024 22:04:34,47,12.338
 07-06-2024 22:04:35,52,13.164
 07-06-2024 22:04:36,52,19.275
 07-06-2024 22:04:37,48,6.285
 07-06-2024 22:04:38,51,8.625
 07-06-2024 22:04:39,45,9.051
 07-06-2024 22:04:40,49,7.884
 07-06-2024 22:04:41,55,11.417
 07-06-2024 22:04:42,54,10.506
 07-06-2024 22:04:43,52,8.962
 07-06-2024 22:04:44,45,5.777
 07-06-2024 22:04:45,46,12.639
 07-06-2024 22:04:46,55,14.887
 07-06-2024 22:04:47,53,8.62
 07-06-2024 22:04:48,49,10.78
 07-06-2024 22:04:49,45,5.465
 07-06-2024 22:04:50,49,8.398
 07-06-2024 22:04:51,44,6.1
 07-06-2024 22:04:52,51,10.372
 07-06-2024 22:04:53,45,6.636
 07-06-2024 22:04:54,51,5.62
 07-06-2024 22:04:55,44,8.022
 07-06-2024 22:04:56,48,7.008
 07-06-2024 22:04:57,44,6.762
 07-06-2024 22:04:58,51,6.752
 07-06-2024 22:04:59,53,6.925
 07-06-2024 22:05:00,45,9.562
 07-06-2024 22:05:01,51,11.391
 07-06-2024 22:05:02,45,5.792
 07-06-2024 22:05:03,52,7.121
 07-06-2024 22:05:04,44,6.316
 07-06-2024 22:05:05,49,6.529
 07-06-2024 22:05:06,44,6.279
 07-06-2024 22:05:07,52,6.838
 07-06-2024 22:05:08,45,6.053
 07-06-2024 22:05:09,51,11.234
 07-06-2024 22:05:10,47,12.113
 07-06-2024 22:05:11,47,13.11
 07-06-2024 22:05:12,46,14.362
 07-06-2024 22:05:13,45,5.997
 07-06-2024 22:05:14,46,5.97
 07-06-2024 22:05:15,45,6.232
 07-06-2024 22:05:16,48,7.567
 07-06-2024 22:05:17,44,5.041
 07-06-2024 22:05:18,49,4.902
 07-06-2024 22:05:19,47,8.624
 07-06-2024 22:05:20,59,12.541
 07-06-2024 22:05:21,49,14.58
 07-06-2024 22:05:22,45,5.986
 07-06-2024 22:05:23,49,7.028
 07-06-2024 22:05:24,44,6.234
 07-06-2024 22:05:25,52,8.992
 07-06-2024 22:05:26,44,6.136
 07-06-2024 22:05:27,47,4.375
 07-06-2024 22:05:28,44,6.619
 07-06-2024 22:05:29,51,5.541
 07-06-2024 22:05:30,50,8.191
 07-06-2024 22:05:31,44,6.155
 07-06-2024 22:05:32,48,5.561
 07-06-2024 22:05:33,53,6.791
 07-06-2024 22:05:34,51,7.335
 07-06-2024 22:05:35,44,7.975
 07-06-2024 22:05:36,57,13.644
 07-06-2024 22:05:37,48,17.819
 07-06-2024 22:05:38,45,4.073
 07-06-2024 22:05:39,52,7.361
 07-06-2024 22:05:40,44,7.307
 07-06-2024 22:05:41,49,6.397
 07-06-2024 22:05:42,43,4.782
 07-06-2024 22:05:43,45,6.448
 07-06-2024 22:05:44,44,5.778
 07-06-2024 22:05:45,47,10.255
 07-06-2024 22:05:46,44,9.495
 07-06-2024 22:05:47,47,5.329
 07-06-2024 22:05:48,45,7.948
 07-06-2024 22:05:49,49,4.933
 07-06-2024 22:05:50,48,7.291
 07-06-2024 22:05:51,43,5.075
 07-06-2024 22:05:52,49,7.397
 07-06-2024 22:05:53,45,14.396
 07-06-2024 22:05:54,52,14.021
 07-06-2024 22:05:55,52,10.021
 07-06-2024 22:05:56,47,12.246
 07-06-2024 22:05:57,58,15.251
 07-06-2024 22:05:58,43,6.985
 07-06-2024 22:05:59,44,8.864
 07-06-2024 22:06:00,45,6.645
 07-06-2024 22:06:01,47,5.476
 07-06-2024 22:06:02,49,8.564
 07-06-2024 22:06:03,54,9.215
 07-06-2024 22:06:04,45,9.821
 07-06-2024 22:06:05,46,6.19
 07-06-2024 22:06:06,47,6.69
 07-06-2024 22:06:07,44,6.133
 07-06-2024 22:06:08,46,6.94
 07-06-2024 22:06:09,43,4.215
 07-06-2024 22:06:10,49,7.229
 07-06-2024 22:06:11,44,6.76
 07-06-2024 22:06:12,51,4.653
 07-06-2024 22:06:13,43,6.09
 07-06-2024 22:06:14,48,6.065
 07-06-2024 22:06:15,43,6.82
 07-06-2024 22:06:16,48,5.49
 07-06-2024 22:06:17,44,6.207
 07-06-2024 22:06:18,44,7.763
 07-06-2024 22:06:19,46,7.127
 07-06-2024 22:06:20,46,5.477
 07-06-2024 22:06:21,49,6.228
 07-06-2024 22:06:22,44,5.698
 07-06-2024 22:06:23,45,6.064
 07-06-2024 22:06:24,44,5.564
 07-06-2024 22:06:25,49,5.905
 07-06-2024 22:06:26,43,5.735
 07-06-2024 22:06:27,52,7.736
 07-06-2024 22:06:28,49,13.229
 07-06-2024 22:06:29,43,5.601
 07-06-2024 22:06:30,49,11.677
 07-06-2024 22:06:31,43,5.945
 07-06-2024 22:06:32,46,6.359
 07-06-2024 22:06:33,52,14.293
 07-06-2024 22:06:34,44,5.757
 07-06-2024 22:06:35,49,8.205
 07-06-2024 22:06:36,42,4.806
 07-06-2024 22:06:37,49,7.153
 07-06-2024 22:06:38,42,5.37
 07-06-2024 22:06:39,49,4.572
 07-06-2024 22:06:40,44,14.528
 07-06-2024 22:06:41,44,5.218
 07-06-2024 22:06:42,45,7.368
 07-06-2024 22:06:43,49,5.074
 07-06-2024 22:06:44,58,16.079
 07-06-2024 22:06:45,47,16.802
 07-06-2024 22:06:46,47,14.085
 07-06-2024 22:06:47,50,11.068
 07-06-2024 22:06:48,49,9.912
 07-06-2024 22:06:49,55,19.488
 07-06-2024 22:06:50,51,13.63
 07-06-2024 22:06:51,49,9.614
 07-06-2024 22:06:52,46,12.05
 07-06-2024 22:06:53,43,7.479
 07-06-2024 22:06:54,51,11.543
 07-06-2024 22:06:55,45,12.461
 07-06-2024 22:06:56,47,5.413
 07-06-2024 22:06:57,44,7.212
 07-06-2024 22:06:58,44,11.532
 07-06-2024 22:06:59,54,7.334
 07-06-2024 22:07:00,44,7.621
 07-06-2024 22:07:01,49,8.705
 07-06-2024 22:07:02,44,8.568
 07-06-2024 22:07:03,47,5.101
 07-06-2024 22:07:04,46,8.259
 07-06-2024 22:07:05,44,6.906
 07-06-2024 22:07:06,50,8.415
 07-06-2024 22:07:07,44,5.393
 07-06-2024 22:07:08,50,7.444
 07-06-2024 22:07:09,45,7.417
 07-06-2024 22:07:10,50,7.625
 07-06-2024 22:07:11,44,9.626
 07-06-2024 22:07:12,49,6.126
 07-06-2024 22:07:13,49,8.769
 07-06-2024 22:07:14,44,4.853
 07-06-2024 22:07:15,46,8.829
 07-06-2024 22:07:16,45,6.205
 07-06-2024 22:07:17,49,7.864
 07-06-2024 22:07:18,49,6.842
 07-06-2024 22:07:19,50,8.092
 07-06-2024 22:07:20,45,10.46
 07-06-2024 22:07:21,49,6.102
 07-06-2024 22:07:22,51,9.432
 07-06-2024 22:07:23,45,15.792
 07-06-2024 22:07:24,50,12.063
 07-06-2024 22:07:25,47,15.733
 07-06-2024 22:07:26,45,6.29
 07-06-2024 22:07:27,49,15.405
 07-06-2024 22:07:28,49,13.325
 07-06-2024 22:07:29,51,13.91
 07-06-2024 22:07:30,46,11.385
 07-06-2024 22:07:31,51,13.968
 07-06-2024 22:07:32,51,12.829
 07-06-2024 22:07:33,52,11.237
 07-06-2024 22:07:34,51,12.567
 07-06-2024 22:07:35,52,10.927
 07-06-2024 22:07:36,49,14.033
 07-06-2024 22:07:37,52,24.236
 07-06-2024 22:07:38,54,17.193
 07-06-2024 22:07:39,48,9.703
 07-06-2024 22:07:40,49,10.25
 07-06-2024 22:07:41,52,11.003
 07-06-2024 22:07:42,51,14.303
 07-06-2024 22:07:43,46,14.392
 07-06-2024 22:07:44,49,12.817
 07-06-2024 22:07:45,45,16.213
 07-06-2024 22:07:46,51,7.557
 07-06-2024 22:07:47,51,9.633
 07-06-2024 22:07:48,46,8.715
 07-06-2024 22:07:49,51,7.253
 07-06-2024 22:07:50,46,9.904
 07-06-2024 22:07:51,49,8.528
 07-06-2024 22:07:52,48,12.109
 07-06-2024 22:07:53,49,7.58
 07-06-2024 22:07:54,45,7.955
 07-06-2024 22:07:55,47,12.232
 07-06-2024 22:07:56,47,7.604
 07-06-2024 22:07:57,45,5.583
 07-06-2024 22:07:58,52,10.757
 07-06-2024 22:07:59,44,6.701
 07-06-2024 22:08:00,47,9.493
 07-06-2024 22:08:01,44,6.947
 07-06-2024 22:08:02,49,7.227
 07-06-2024 22:08:03,46,8.738
 07-06-2024 22:08:04,52,10.164
 07-06-2024 22:08:05,46,8.467
 07-06-2024 22:08:06,48,7.573
 07-06-2024 22:08:07,51,14.119
 07-06-2024 22:08:08,45,6.623
 07-06-2024 22:08:09,48,6.866
 07-06-2024 22:08:10,51,10.727
 07-06-2024 22:08:11,51,11.042
 07-06-2024 22:08:12,46,7.631
 07-06-2024 22:08:13,48,6.322
 07-06-2024 22:08:14,44,10.442
 07-06-2024 22:08:15,49,6.512
 07-06-2024 22:08:16,49,7.998
 07-06-2024 22:08:17,44,5.593
 07-06-2024 22:08:18,51,5.993
 07-06-2024 22:08:19,44,6.06
 07-06-2024 22:08:20,49,8.613
 07-06-2024 22:08:21,44,5.085
 07-06-2024 22:08:22,50,6.937
 07-06-2024 22:08:23,44,7.163
 07-06-2024 22:08:24,54,7.238
 07-06-2024 22:08:25,45,8.432
 07-06-2024 22:08:26,48,8.854
 07-06-2024 22:08:27,52,7.784
 07-06-2024 22:08:28,47,9.055
 07-06-2024 22:08:29,51,13.995
 07-06-2024 22:08:30,45,7.723
 07-06-2024 22:08:31,54,6.795
 07-06-2024 22:08:32,45,7.673
 07-06-2024 22:08:33,50,6.372
 07-06-2024 22:08:34,45,7.317
 07-06-2024 22:08:35,49,8.351
 07-06-2024 22:08:36,54,9.278
 07-06-2024 22:08:37,47,8.555
 07-06-2024 22:08:38,51,12.581
 07-06-2024 22:08:39,45,7.997
 07-06-2024 22:08:40,49,8.023
 07-06-2024 22:08:41,46,7.373
 07-06-2024 22:08:42,47,9.106
 07-06-2024 22:08:43,47,15.347
 07-06-2024 22:08:44,46,6.629
 07-06-2024 22:08:45,49,8.32
 07-06-2024 22:08:46,45,7.903
 07-06-2024 22:08:47,50,7.561
 07-06-2024 22:08:48,46,7.891
 07-06-2024 22:08:49,49,6.099
 07-06-2024 22:08:50,45,7.571
 07-06-2024 22:08:51,48,6.439
 07-06-2024 22:08:52,47,10.016
 07-06-2024 22:08:53,46,10.168
 07-06-2024 22:08:54,47,9.154
 07-06-2024 22:08:55,47,10.98
 07-06-2024 22:08:56,49,11.157
 07-06-2024 22:08:57,46,12.472
 07-06-2024 22:08:58,51,10.453
 07-06-2024 22:08:59,51,9.848
 07-06-2024 22:09:00,47,7.24
 07-06-2024 22:09:01,48,10.662
 07-06-2024 22:09:02,45,6.317
 07-06-2024 22:09:03,52,11.397
 07-06-2024 22:09:04,47,8.775
 07-06-2024 22:09:05,50,10.042
 07-06-2024 22:09:06,47,7.158
 07-06-2024 22:09:07,48,8.778
 07-06-2024 22:09:08,52,14.542
 07-06-2024 22:09:09,46,7.907
 07-06-2024 22:09:10,51,9.777
 07-06-2024 22:09:11,46,9.493
 07-06-2024 22:09:12,51,7.631
 07-06-2024 22:09:13,46,9.045
 07-06-2024 22:09:14,54,7.211
 07-06-2024 22:09:15,54,13.056
 07-06-2024 22:09:16,45,5.977
 07-06-2024 22:09:17,47,8.591
 07-06-2024 22:09:18,46,11.96
 07-06-2024 22:09:19,50,6.462
 07-06-2024 22:09:20,45,9.542
 07-06-2024 22:09:21,50,15.171
 07-06-2024 22:09:22,47,15.027
 07-06-2024 22:09:23,46,6.143
 07-06-2024 22:09:24,50,8.309
 07-06-2024 22:09:25,45,10.013
 07-06-2024 22:09:26,49,9.173
 07-06-2024 22:09:27,46,8.018
 07-06-2024 22:09:28,49,8.517
 07-06-2024 22:09:29,47,13.176
 07-06-2024 22:09:30,51,8.91
 07-06-2024 22:09:31,52,12.559
 07-06-2024 22:09:32,49,9.765
 07-06-2024 22:09:33,51,10.879
 07-06-2024 22:09:34,44,7.173
 07-06-2024 22:09:35,51,11.049
 07-06-2024 22:09:36,45,6.011
 07-06-2024 22:09:37,52,6.625
 07-06-2024 22:09:38,45,6.908
 07-06-2024 22:09:39,50,6.771
 07-06-2024 22:09:40,46,8.752
 07-06-2024 22:09:41,56,11.19
 07-06-2024 22:09:42,51,13.444
 07-06-2024 22:09:43,45,11.38
 07-06-2024 22:09:44,48,7.466
 07-06-2024 22:09:45,46,8.388
 07-06-2024 22:09:46,48,6.989
 07-06-2024 22:09:47,47,6.708
 07-06-2024 22:09:48,50,5.026
 07-06-2024 22:09:49,50,8.636
 07-06-2024 22:09:50,46,8.03
 07-06-2024 22:09:51,48,8.218
 07-06-2024 22:09:52,47,6.751
 07-06-2024 22:09:53,54,7.244
 07-06-2024 22:09:54,44,7.451
 07-06-2024 22:09:55,49,7.616
 07-06-2024 22:09:56,47,8.384
 07-06-2024 22:09:57,47,5.584
 07-06-2024 22:09:58,45,8.075
 07-06-2024 22:09:59,48,4.965
 07-06-2024 22:10:00,47,8.808
 07-06-2024 22:10:01,45,6.541
 07-06-2024 22:10:02,47,8.237
 07-06-2024 22:10:03,46,5.948
 07-06-2024 22:10:04,47,9.653
 07-06-2024 22:10:05,45,7.271
 07-06-2024 22:10:06,51,6.318
 07-06-2024 22:10:07,45,8.092
 07-06-2024 22:10:08,47,5.152
 07-06-2024 22:10:09,46,7.043
 07-06-2024 22:10:10,45,6.791
 07-06-2024 22:10:11,51,11.356
 07-06-2024 22:10:12,46,6.282
 07-06-2024 22:10:13,46,7.893
 07-06-2024 22:10:14,44,7.021
 07-06-2024 22:10:15,48,14.357
 07-06-2024 22:10:16,55,12.501
 07-06-2024 22:10:17,51,7.981
 07-06-2024 22:10:18,52,7.812
 07-06-2024 22:10:19,46,6.165
 07-06-2024 22:10:20,47,10.183
 07-06-2024 22:10:21,44,6.074
 07-06-2024 22:10:22,49,8.639
 07-06-2024 22:10:23,46,7.288
 07-06-2024 22:10:24,49,9.65
 07-06-2024 22:10:25,46,9.518
 07-06-2024 22:10:26,45,6.421
 07-06-2024 22:10:27,51,10.987
 07-06-2024 22:10:28,44,6.457
 07-06-2024 22:10:29,49,6.261
 07-06-2024 22:10:30,44,7.698
 07-06-2024 22:10:31,46,8.508
 07-06-2024 22:10:32,45,6.675
 07-06-2024 22:10:33,46,9.709
 07-06-2024 22:10:34,48,12.731
 07-06-2024 22:10:35,51,12.104
 07-06-2024 22:10:36,47,9.476
 07-06-2024 22:10:37,49,7.79
 07-06-2024 22:10:38,49,8.391
 07-06-2024 22:10:39,45,9.628
 07-06-2024 22:10:40,51,7.149
 07-06-2024 22:10:41,47,7.311
 07-06-2024 22:10:42,46,6.515
 07-06-2024 22:10:43,49,8.311
 07-06-2024 22:10:44,45,6.299
 07-06-2024 22:10:45,48,9.993
 07-06-2024 22:10:46,44,6.226
 07-06-2024 22:10:47,49,6.189
 07-06-2024 22:10:48,44,8.985
 07-06-2024 22:10:49,50,6.672
 07-06-2024 22:10:50,46,7.689
 07-06-2024 22:10:51,48,6.729
 07-06-2024 22:10:52,47,7.582
 07-06-2024 22:10:53,46,9.14
 07-06-2024 22:10:54,48,10.434
 07-06-2024 22:10:55,45,9.003
 07-06-2024 22:10:56,51,5.967
 07-06-2024 22:10:57,45,6.988
 07-06-2024 22:10:58,48,6.458
 07-06-2024 22:10:59,48,13.089
 07-06-2024 22:11:00,45,6.741
 07-06-2024 22:11:01,49,8.167
 07-06-2024 22:11:02,49,16.004
 07-06-2024 22:11:03,52,11.123
 07-06-2024 22:11:04,46,7.845
 07-06-2024 22:11:05,46,6.433
 07-06-2024 22:11:06,51,8.33
 07-06-2024 22:11:07,44,5.668
 07-06-2024 22:11:08,51,6.869
 07-06-2024 22:11:09,51,6.529
 07-06-2024 22:11:10,50,11.209
 07-06-2024 22:11:11,45,11.939
 07-06-2024 22:11:12,52,7.153
 07-06-2024 22:11:13,51,8.193
 07-06-2024 22:11:14,45,6.892
 07-06-2024 22:11:15,54,8.554
 07-06-2024 22:11:16,45,7.081
 07-06-2024 22:11:17,52,13.334
 07-06-2024 22:11:18,46,8.203
 07-06-2024 22:11:19,52,14.214
 07-06-2024 22:11:20,49,14.206
 07-06-2024 22:11:21,49,12.813
 07-06-2024 22:11:22,47,12.51
 07-06-2024 22:11:23,50,10.668
 07-06-2024 22:11:24,52,11.451
 07-06-2024 22:11:25,52,12.938
 07-06-2024 22:11:26,44,6.406
 07-06-2024 22:11:27,47,7.385
 07-06-2024 22:11:28,45,6.697
 07-06-2024 22:11:29,49,7.025
 07-06-2024 22:11:30,45,8.616
 07-06-2024 22:11:31,48,7.023
 07-06-2024 22:11:32,46,7.908
 07-06-2024 22:11:33,46,6.586
 07-06-2024 22:11:34,49,8.476
 07-06-2024 22:11:35,45,6.751
 07-06-2024 22:11:36,52,6.577
 07-06-2024 22:11:37,45,6.936
 07-06-2024 22:11:38,51,6.948
 07-06-2024 22:11:39,45,9.583
 07-06-2024 22:11:40,54,5.819
 07-06-2024 22:11:41,46,8.411
 07-06-2024 22:11:42,49,6.06
 07-06-2024 22:11:43,49,10.191
 07-06-2024 22:11:44,47,7.101
 07-06-2024 22:11:45,50,9.216
 07-06-2024 22:11:46,45,7.019
 07-06-2024 22:11:47,50,10.622
 07-06-2024 22:11:48,47,10.067
 07-06-2024 22:11:49,49,6.267
 07-06-2024 22:11:50,46,7.573
 07-06-2024 22:11:51,47,5.451
 07-06-2024 22:11:52,48,7.781
 07-06-2024 22:11:53,45,6.29
 07-06-2024 22:11:54,51,8.147
 07-06-2024 22:11:55,44,6.541
 07-06-2024 22:11:56,49,9.645
 07-06-2024 22:11:57,46,9.772
 07-06-2024 22:11:58,48,10.837
 07-06-2024 22:11:59,48,9.206
 07-06-2024 22:12:00,49,11.58
 07-06-2024 22:12:01,49,10.217
 07-06-2024 22:12:02,50,9.204
 07-06-2024 22:12:03,47,13.866
 07-06-2024 22:12:04,47,11.318
 07-06-2024 22:12:05,49,8.008
 07-06-2024 22:12:06,46,8.728
 07-06-2024 22:12:07,46,6.743
 07-06-2024 22:12:08,51,10.238
 07-06-2024 22:12:09,53,10.819
 07-06-2024 22:12:10,50,12.757
 07-06-2024 22:12:11,46,7.833
 07-06-2024 22:12:12,54,11.673
 07-06-2024 22:12:13,45,7.802
 07-06-2024 22:12:14,49,10.677
 07-06-2024 22:12:15,52,12.67
 07-06-2024 22:12:16,54,11.708
 07-06-2024 22:12:17,50,9.943
 07-06-2024 22:12:18,51,12.675
 07-06-2024 22:12:19,51,13.083
 07-06-2024 22:12:20,51,16.244
 07-06-2024 22:12:21,46,7.632
 07-06-2024 22:12:22,48,9.375
 07-06-2024 22:12:23,46,8.293
 07-06-2024 22:12:24,51,8.642
 07-06-2024 22:12:25,45,9.276
 07-06-2024 22:12:26,51,9.346
 07-06-2024 22:12:27,56,13.858
 07-06-2024 22:12:28,47,15.311
 07-06-2024 22:12:29,49,6.708
 07-06-2024 22:12:30,46,8.322
 07-06-2024 22:12:31,51,7.581
 07-06-2024 22:12:32,55,12.791
 07-06-2024 22:12:33,45,11.739
 07-06-2024 22:12:34,49,11.556
 07-06-2024 22:12:35,49,8.287
 07-06-2024 22:12:36,47,12.637
 07-06-2024 22:12:37,47,8.78
 07-06-2024 22:12:38,50,8.552
 07-06-2024 22:12:39,46,8.4
 07-06-2024 22:12:40,46,6.276
 07-06-2024 22:12:41,49,7.417
 07-06-2024 22:12:42,52,7.305
 07-06-2024 22:12:43,49,8.838
 07-06-2024 22:12:44,46,9.308
 07-06-2024 22:12:45,46,7.248
 07-06-2024 22:12:46,45,5.436
 07-06-2024 22:12:47,49,6.379
 07-06-2024 22:12:48,46,7.642
 07-06-2024 22:12:49,47,6.52
 07-06-2024 22:12:50,48,8.583
 07-06-2024 22:12:51,47,10.789
 07-06-2024 22:12:52,50,8.396
 07-06-2024 22:12:53,45,6.521
 07-06-2024 22:12:54,47,6.537
 07-06-2024 22:12:55,46,7.911
 07-06-2024 22:12:56,47,6.074
 07-06-2024 22:12:57,45,9.535
 07-06-2024 22:12:58,51,6.019
 07-06-2024 22:12:59,49,7.647
 07-06-2024 22:13:00,45,6.194
 07-06-2024 22:13:01,49,7.912
 07-06-2024 22:13:02,45,5.954
 07-06-2024 22:13:03,52,8.237
 07-06-2024 22:13:04,44,6.181
 07-06-2024 22:13:05,48,7.246
 07-06-2024 22:13:06,45,6.677
 07-06-2024 22:13:07,47,5.781
 07-06-2024 22:13:08,46,7.74
 07-06-2024 22:13:09,51,6.406
 07-06-2024 22:13:10,50,14.963
 07-06-2024 22:13:11,55,8.666
 07-06-2024 22:13:12,54,14.949
 07-06-2024 22:13:13,46,8.593
 07-06-2024 22:13:14,50,10.81
 07-06-2024 22:13:15,48,15.075
 07-06-2024 22:13:16,49,11.887
 07-06-2024 22:13:17,50,9.541
 07-06-2024 22:13:18,50,11.75
 07-06-2024 22:13:19,49,6.901
 07-06-2024 22:13:20,55,10.032
 07-06-2024 22:13:21,46,7.108
 07-06-2024 22:13:22,48,10.476
 07-06-2024 22:13:23,47,9.193
 07-06-2024 22:13:24,52,8.703
 07-06-2024 22:13:25,54,18.395
 07-06-2024 22:13:26,47,15.893
 07-06-2024 22:13:27,49,13.028
 07-06-2024 22:13:28,46,7.383
 07-06-2024 22:13:29,55,16.876
 07-06-2024 22:13:30,50,29.018
 07-06-2024 22:13:31,53,15.168
 07-06-2024 22:13:32,54,19.097
 07-06-2024 22:13:33,52,23.456
 07-06-2024 22:13:34,48,15.866
 07-06-2024 22:13:35,51,12.262
 07-06-2024 22:13:36,47,15.446
 07-06-2024 22:13:37,48,17.209
 07-06-2024 22:13:38,54,14.496
 07-06-2024 22:13:39,50,16.269
 07-06-2024 22:13:40,57,15.799
 07-06-2024 22:13:41,49,17.411
 07-06-2024 22:13:42,51,21.24
 07-06-2024 22:13:43,50,21.591
 07-06-2024 22:13:44,54,22.031
 07-06-2024 22:13:45,56,24.745
 07-06-2024 22:13:46,55,13.023
 07-06-2024 22:13:47,55,15.555
 07-06-2024 22:13:48,55,32.327
 07-06-2024 22:13:49,57,24.477
 07-06-2024 22:13:50,57,28.279
 07-06-2024 22:13:51,55,33.747
 07-06-2024 22:13:52,53,12.546
 07-06-2024 22:13:53,58,13.047
 07-06-2024 22:13:54,55,12.554
 07-06-2024 22:13:55,55,10.398
 07-06-2024 22:13:56,55,17.432
 07-06-2024 22:13:57,55,8.767
 07-06-2024 22:13:58,53,11.031
 07-06-2024 22:13:59,54,14.378
 07-06-2024 22:14:00,55,19.71
 07-06-2024 22:14:01,56,33.732
 07-06-2024 22:14:02,59,40.286
 07-06-2024 22:14:03,55,39.532
 07-06-2024 22:14:04,54,26.594
 07-06-2024 22:14:05,58,29.325
 07-06-2024 22:14:06,58,22.489
 07-06-2024 22:14:07,52,17.216
 07-06-2024 22:14:08,55,29.572
 07-06-2024 22:14:09,57,30.329
 07-06-2024 22:14:10,57,20.146
 07-06-2024 22:14:11,56,24.865
 07-06-2024 22:14:12,50,24.316
 07-06-2024 22:14:13,49,20.168
 07-06-2024 22:14:14,56,35.308
 07-06-2024 22:14:15,56,35.919
 07-06-2024 22:14:16,52,31.688
 07-06-2024 22:14:17,56,28.654
 07-06-2024 22:14:18,52,63.258
 07-06-2024 22:14:19,61,60.706
 07-06-2024 22:14:20,49,41.242
 07-06-2024 22:14:21,49,15.455
 07-06-2024 22:14:22,51,14.979
 07-06-2024 22:14:23,49,19.899
 07-06-2024 22:14:24,52,13.674
 07-06-2024 22:14:25,50,14.884
 07-06-2024 22:14:26,49,14.693
 07-06-2024 22:14:27,49,12.469
 07-06-2024 22:14:28,51,15.189
 07-06-2024 22:14:29,50,18.208
 07-06-2024 22:14:30,49,12.963
 07-06-2024 22:14:31,49,14.158
 07-06-2024 22:14:32,50,15.968
 07-06-2024 22:14:33,49,15.769
 07-06-2024 22:14:34,49,16.202
 07-06-2024 22:14:35,49,14.59
 07-06-2024 22:14:36,53,12.978
 07-06-2024 22:14:37,49,15.127
 07-06-2024 22:14:38,50,16.206
 07-06-2024 22:14:39,49,14.019
 07-06-2024 22:14:40,51,12.927
 07-06-2024 22:14:41,51,16.035
 07-06-2024 22:14:42,58,25.114
 07-06-2024 22:14:43,54,20.348
 07-06-2024 22:14:44,55,20.619
 07-06-2024 22:14:45,56,23.037
 07-06-2024 22:14:46,56,37.157
 07-06-2024 22:14:47,56,29.958
 07-06-2024 22:14:48,58,40.902
 07-06-2024 22:14:49,55,36.93
 07-06-2024 22:14:50,55,29.944
 07-06-2024 22:14:51,54,34.603
 07-06-2024 22:14:52,57,39.237
 07-06-2024 22:14:53,57,37.245
 07-06-2024 22:14:54,56,38.333
 07-06-2024 22:14:55,58,41.689
 07-06-2024 22:14:56,58,40.896
 07-06-2024 22:14:57,57,35.056
 07-06-2024 22:14:58,57,38.348
 07-06-2024 22:14:59,58,39.274
 07-06-2024 22:15:00,58,38.566
 07-06-2024 22:15:01,56,30.351
 07-06-2024 22:15:02,54,33.292
 07-06-2024 22:15:03,55,31.26
 07-06-2024 22:15:04,56,37.617
 07-06-2024 22:15:05,61,40.493
 07-06-2024 22:15:06,59,44.059
 07-06-2024 22:15:07,56,40.12
 07-06-2024 22:15:08,57,41.93
 07-06-2024 22:15:09,57,34.183
 07-06-2024 22:15:10,58,34.566
 07-06-2024 22:15:11,60,38.017
 07-06-2024 22:15:12,58,40.454
 07-06-2024 22:15:13,56,37.879
 07-06-2024 22:15:14,56,40.81
 07-06-2024 22:15:15,55,32.13
 07-06-2024 22:15:16,56,33.432
 07-06-2024 22:15:17,56,32.267
 07-06-2024 22:15:18,54,30.173
 07-06-2024 22:15:19,56,28.943
 07-06-2024 22:15:20,58,37.074
 07-06-2024 22:15:21,60,36.28
 07-06-2024 22:15:22,60,42.955
 07-06-2024 22:15:23,58,38.369
 07-06-2024 22:15:24,55,31.661
 07-06-2024 22:15:25,57,24.596
 07-06-2024 22:15:26,56,30.441
 07-06-2024 22:15:27,58,38.765
 07-06-2024 22:15:28,58,38.874
 07-06-2024 22:15:29,60,38.787
 07-06-2024 22:15:30,58,39.837
 07-06-2024 22:15:31,60,38.943
 07-06-2024 22:15:32,58,38.768
 07-06-2024 22:15:33,57,33.759
 07-06-2024 22:15:34,59,34.626
 07-06-2024 22:15:35,58,39.45
 07-06-2024 22:15:36,58,35.106
 07-06-2024 22:15:37,59,31.256
 07-06-2024 22:15:38,56,29.996
 07-06-2024 22:15:39,60,36.644
 07-06-2024 22:15:40,58,34.472
 07-06-2024 22:15:41,57,28.314
 07-06-2024 22:15:42,57,25.878
 07-06-2024 22:15:43,60,33.478
 07-06-2024 22:15:44,56,34.237
 07-06-2024 22:15:45,60,34.963
 07-06-2024 22:15:46,60,33.995
 07-06-2024 22:15:47,59,32.427
 07-06-2024 22:15:48,55,31.066
 07-06-2024 22:15:49,58,24.124
 07-06-2024 22:15:50,61,40.804
 07-06-2024 22:15:51,62,42.998
 07-06-2024 22:15:52,61,41.863
 07-06-2024 22:15:53,61,41.192
 07-06-2024 22:15:54,59,38.959
 07-06-2024 22:15:55,60,41.891
 07-06-2024 22:15:56,60,40.003
 07-06-2024 22:15:57,61,37.184
 07-06-2024 22:15:58,60,29.647
 07-06-2024 22:15:59,60,35.717
 07-06-2024 22:16:00,59,38.768
 07-06-2024 22:16:01,60,33.74
 07-06-2024 22:16:02,64,39.993
 07-06-2024 22:16:03,62,43.423
 07-06-2024 22:16:04,60,37.794
 07-06-2024 22:16:05,61,38.574
 07-06-2024 22:16:06,61,38.838
 07-06-2024 22:16:07,58,33.092
 07-06-2024 22:16:08,62,40.167
 07-06-2024 22:16:09,64,41.151
 07-06-2024 22:16:10,60,38.384
 07-06-2024 22:16:11,59,36.073
 07-06-2024 22:16:12,59,35.449
 07-06-2024 22:16:13,60,38.835
 07-06-2024 22:16:14,60,38.948
 07-06-2024 22:16:15,61,43.719
 07-06-2024 22:16:16,59,39.372
 07-06-2024 22:16:17,62,35.448
 07-06-2024 22:16:18,61,39.987
 07-06-2024 22:16:19,60,36.291
 07-06-2024 22:16:20,67,55.851
 07-06-2024 22:16:21,63,59.27
 07-06-2024 22:16:22,62,43.605
 07-06-2024 22:16:23,61,41.472
 07-06-2024 22:16:24,61,33.406
 07-06-2024 22:16:25,60,39.602
 07-06-2024 22:16:26,60,48.041
 07-06-2024 22:16:27,62,40.513
 07-06-2024 22:16:28,61,40.347
 07-06-2024 22:16:29,62,42.36
 07-06-2024 22:16:30,62,46.937
 07-06-2024 22:16:31,61,43.129
 07-06-2024 22:16:32,61,39.533
 07-06-2024 22:16:33,62,36.122
 07-06-2024 22:16:34,59,37.189
 07-06-2024 22:16:35,62,35.645
 07-06-2024 22:16:36,62,39.575
 07-06-2024 22:16:37,63,38.704
 07-06-2024 22:16:38,61,36.596
 07-06-2024 22:16:39,61,34.261
 07-06-2024 22:16:40,62,32.858
 07-06-2024 22:16:41,61,30.812
 07-06-2024 22:16:42,65,35.671
 07-06-2024 22:16:43,64,42.265
 07-06-2024 22:16:44,62,43.813
 07-06-2024 22:16:45,64,39.26
 07-06-2024 22:16:46,63,42.532
 07-06-2024 22:16:47,64,34.652
 07-06-2024 22:16:48,62,35.541
 07-06-2024 22:16:49,62,41.313
 07-06-2024 22:16:50,61,35.354
 07-06-2024 22:16:51,63,44.556
 07-06-2024 22:16:52,60,36.735
 07-06-2024 22:16:53,59,31.995
 07-06-2024 22:16:54,61,28.442
 07-06-2024 22:16:55,62,39.003
 07-06-2024 22:16:56,63,42.544
 07-06-2024 22:16:57,62,32.438
 07-06-2024 22:16:58,62,33.428
 07-06-2024 22:16:59,61,34.393
 07-06-2024 22:17:00,63,36.049
 07-06-2024 22:17:01,62,33.929
 07-06-2024 22:17:02,62,37.497
 07-06-2024 22:17:03,64,34.833
 07-06-2024 22:17:04,62,41.601
 07-06-2024 22:17:05,65,43.106
 07-06-2024 22:17:06,62,41.995
 07-06-2024 22:17:07,62,36.787
 07-06-2024 22:17:08,64,39.674
 07-06-2024 22:17:09,63,41.235
 07-06-2024 22:17:10,65,41.222
 07-06-2024 22:17:11,63,38.315
 07-06-2024 22:17:12,61,29.823
 07-06-2024 22:17:13,61,38.585
 07-06-2024 22:17:14,64,35.259
 07-06-2024 22:17:15,64,40.931
 07-06-2024 22:17:16,65,44.136
 07-06-2024 22:17:17,62,40.223
 07-06-2024 22:17:18,65,41.581
 07-06-2024 22:17:19,65,41.903
 07-06-2024 22:17:20,62,38.077
 07-06-2024 22:17:21,64,36.93
 07-06-2024 22:17:22,63,42.098
 07-06-2024 22:17:23,65,42.886
 07-06-2024 22:17:24,62,38.486
 07-06-2024 22:17:25,64,28.253
 07-06-2024 22:17:26,65,39.833
 07-06-2024 22:17:27,65,42.756
 07-06-2024 22:17:28,63,40.797
 07-06-2024 22:17:29,64,38.077
 07-06-2024 22:17:30,64,40.842
 07-06-2024 22:17:31,64,39.78
 07-06-2024 22:17:32,62,33.45
 07-06-2024 22:17:33,63,31.142
 07-06-2024 22:17:34,62,29.703
 07-06-2024 22:17:35,64,32.116
 07-06-2024 22:17:36,65,42.485
 07-06-2024 22:17:37,65,47.036
 07-06-2024 22:17:38,64,35.944
 07-06-2024 22:17:39,62,32.335
 07-06-2024 22:17:40,63,39.177
 07-06-2024 22:17:41,64,39.515
 07-06-2024 22:17:42,65,35.196
 07-06-2024 22:17:43,63,41.161
 07-06-2024 22:17:44,64,34.84
 07-06-2024 22:17:45,62,32.418
 07-06-2024 22:17:46,62,30.559
 07-06-2024 22:17:47,62,30.642
 07-06-2024 22:17:48,62,31.483
 07-06-2024 22:17:49,65,38.052
 07-06-2024 22:17:50,62,39.643
 07-06-2024 22:17:51,63,29.49
 07-06-2024 22:17:52,64,34.484
 07-06-2024 22:17:53,66,38.804
 07-06-2024 22:17:54,67,45.021
 07-06-2024 22:17:55,64,40.701
 07-06-2024 22:17:56,65,38.715
 07-06-2024 22:17:57,63,40.996
 07-06-2024 22:17:58,65,41.542
 07-06-2024 22:17:59,65,41.374
 07-06-2024 22:18:00,63,39.388
 07-06-2024 22:18:01,66,43.97
 07-06-2024 22:18:02,66,43.818
 07-06-2024 22:18:03,65,44.12
 07-06-2024 22:18:04,63,37.408
 07-06-2024 22:18:05,64,41.431
 07-06-2024 22:18:06,65,41.254
 07-06-2024 22:18:07,67,42.478
 07-06-2024 22:18:08,64,41.048
 07-06-2024 22:18:09,62,33.102
 07-06-2024 22:18:10,66,40.078
 07-06-2024 22:18:11,64,40.941
 07-06-2024 22:18:12,63,30.956
 07-06-2024 22:18:13,65,38.885
 07-06-2024 22:18:14,65,41.625
 07-06-2024 22:18:15,65,42.511
 07-06-2024 22:18:16,63,40.938
 07-06-2024 22:18:17,67,38.712
 07-06-2024 22:18:18,66,45.773
 07-06-2024 22:18:19,66,40.272
 07-06-2024 22:18:20,66,41.225
 07-06-2024 22:18:21,64,40.536
 07-06-2024 22:18:22,66,38.644
 07-06-2024 22:18:23,66,40.87
 07-06-2024 22:18:24,66,41.806
 07-06-2024 22:18:25,67,43.516
 07-06-2024 22:18:26,67,41.53
 07-06-2024 22:18:27,64,42.29
 07-06-2024 22:18:28,64,42.926
 07-06-2024 22:18:29,65,39.614
 07-06-2024 22:18:30,61,34.468
 07-06-2024 22:18:31,64,33.645
 07-06-2024 22:18:32,65,41.395
 07-06-2024 22:18:33,67,39.127
 07-06-2024 22:18:34,65,38.894
 07-06-2024 22:18:35,66,35.294
 07-06-2024 22:18:36,67,36.53
 07-06-2024 22:18:37,62,30.918
 07-06-2024 22:18:38,60,18.974
 07-06-2024 22:18:39,62,13.535
 07-06-2024 22:18:40,60,21.061
 07-06-2024 22:18:41,62,20.343
 07-06-2024 22:18:42,58,17.391
 07-06-2024 22:18:43,60,17.124
 07-06-2024 22:18:44,61,19.882
 07-06-2024 22:18:45,61,17.371
 07-06-2024 22:18:46,60,16.118
 07-06-2024 22:18:47,66,18.677
 07-06-2024 22:18:48,55,11.533
 07-06-2024 22:18:49,63,4.621
 07-06-2024 22:18:50,56,6.379
 07-06-2024 22:18:57,58,3.942
 07-06-2024 22:18:57,59,17.36
 07-06-2024 22:18:58,70,23.396
 07-06-2024 22:18:59,69,25.356
 07-06-2024 22:19:00,67,40.714
 07-06-2024 22:19:01,66,38.352
 07-06-2024 22:19:02,67,52.394
 07-06-2024 22:19:03,69,47.571
 07-06-2024 22:19:04,65,23.147
 07-06-2024 22:19:05,65,32.151
 07-06-2024 22:19:06,69,37.105
 07-06-2024 22:19:07,62,52.849
 07-06-2024 22:19:08,64,45.579
 07-06-2024 22:19:09,65,21.269
 07-06-2024 22:19:10,65,30.586
 07-06-2024 22:19:11,62,32.116
 07-06-2024 22:19:12,65,24.937
 07-06-2024 22:19:13,62,18.261
 07-06-2024 22:19:14,62,9.63
 07-06-2024 22:19:15,57,13.195
 07-06-2024 22:19:16,57,6.78
 07-06-2024 22:19:17,67,12.336
 07-06-2024 22:19:18,62,9.722
 07-06-2024 22:19:19,62,13.212
 07-06-2024 22:19:20,61,13.585
 07-06-2024 22:19:21,56,14.925
 07-06-2024 22:19:22,61,8.017
 07-06-2024 22:19:23,65,11.391
 07-06-2024 22:19:24,58,5.802
 07-06-2024 22:19:25,62,11.679
 07-06-2024 22:19:26,55,8.034
 07-06-2024 22:19:27,63,8.522
 07-06-2024 22:19:28,56,8.02
 07-06-2024 22:19:29,55,7.047
 07-06-2024 22:19:30,60,10.149
 07-06-2024 22:19:31,55,7.415
 07-06-2024 22:19:32,62,7.283
 07-06-2024 22:19:33,56,6.27
 07-06-2024 22:19:34,60,6.78
 07-06-2024 22:19:35,62,13.554
 07-06-2024 22:19:36,55,6.407
 07-06-2024 22:19:37,56,7.141
 07-06-2024 22:19:38,58,6.706
 07-06-2024 22:19:39,61,6.785
 07-06-2024 22:19:40,60,9.338
 07-06-2024 22:19:41,60,6.792
 07-06-2024 22:19:42,62,7.184
 07-06-2024 22:19:43,55,6.412
 07-06-2024 22:19:44,62,6.382
 07-06-2024 22:19:45,62,8.597
 07-06-2024 22:19:46,62,7.914
 07-06-2024 22:19:47,64,12.874
 07-06-2024 22:19:48,55,7.742
 07-06-2024 22:19:49,60,9.76
 07-06-2024 22:19:50,61,21.528
 07-06-2024 22:19:51,55,12.675
 07-06-2024 22:19:52,59,8.25
 07-06-2024 22:19:53,58,7.799
 07-06-2024 22:19:54,56,7.397
 07-06-2024 22:19:55,67,20.579
 07-06-2024 22:19:56,60,15.268
 07-06-2024 22:19:57,61,16.109
 07-06-2024 22:19:58,61,22.507
 07-06-2024 22:19:59,57,17.623
 07-06-2024 22:20:00,57,13.883
 07-06-2024 22:20:01,61,16.074
 07-06-2024 22:20:02,60,11.295
 07-06-2024 22:20:03,60,11.377
 07-06-2024 22:20:04,55,11.601
 07-06-2024 22:20:05,57,7.212
 07-06-2024 22:20:06,65,12.713
 07-06-2024 22:20:07,56,6.826
 07-06-2024 22:20:08,62,9.25
 07-06-2024 22:20:09,55,8.47
 07-06-2024 22:20:10,61,10.204
 07-06-2024 22:20:11,58,9.805
 07-06-2024 22:20:12,58,9.172
 07-06-2024 22:20:13,61,8.851
 07-06-2024 22:20:14,54,6.464
 07-06-2024 22:20:15,61,10.515
 07-06-2024 22:20:16,55,11.873
 07-06-2024 22:20:17,58,8.623
 07-06-2024 22:20:18,59,9.047
 07-06-2024 22:20:19,56,6.811
 07-06-2024 22:20:20,60,10.073
 07-06-2024 22:20:21,56,10.188
 07-06-2024 22:20:22,59,8.162
 07-06-2024 22:20:23,54,8.984
 07-06-2024 22:20:24,58,6.519
 07-06-2024 22:20:25,60,8.605
 07-06-2024 22:20:26,54,6.798
 07-06-2024 22:20:27,60,10.393
 07-06-2024 22:20:28,55,10.117
 07-06-2024 22:20:29,60,8.171
 07-06-2024 22:20:30,54,8.931
 07-06-2024 22:20:31,55,7.798
 07-06-2024 22:20:32,59,9.342
 07-06-2024 22:20:33,55,5.575
 07-06-2024 22:20:34,59,8.025
 07-06-2024 22:20:35,54,7.236
 07-06-2024 22:20:36,59,8.933
 07-06-2024 22:20:37,62,9.109
 07-06-2024 22:20:38,61,7.246
 07-06-2024 22:20:39,55,9.12
 07-06-2024 22:20:40,58,8.014
 07-06-2024 22:20:41,59,9.599
 07-06-2024 22:20:42,55,6.454
 07-06-2024 22:20:43,59,7.451
 07-06-2024 22:20:44,54,6.286
 07-06-2024 22:20:45,61,7.745
 07-06-2024 22:20:46,54,7.567
 07-06-2024 22:20:47,54,6.411
 07-06-2024 22:20:48,60,12.564
 07-06-2024 22:20:49,56,6.038
 07-06-2024 22:20:50,60,8.877
 07-06-2024 22:20:51,54,9.433
 07-06-2024 22:20:52,61,9.155
 07-06-2024 22:20:53,54,6.393
 07-06-2024 22:20:54,58,7.159
 07-06-2024 22:20:55,54,9.979
 07-06-2024 22:20:56,59,11.803
 07-06-2024 22:20:57,54,15.42
 07-06-2024 22:20:58,54,7.207
 07-06-2024 22:20:59,57,7.718
 07-06-2024 22:21:00,54,8.385
 07-06-2024 22:21:01,56,8.647
 07-06-2024 22:21:02,61,17.605
 07-06-2024 22:21:03,58,6.028
 07-06-2024 22:21:04,59,7.23
 07-06-2024 22:21:05,54,6.346
 07-06-2024 22:21:06,58,8.561
 07-06-2024 22:21:07,54,7.122
 07-06-2024 22:21:09,57,8.334
 07-06-2024 22:21:10,55,13.102
 07-06-2024 22:21:11,55,7.657
 07-06-2024 22:21:12,54,10.356
 07-06-2024 22:21:13,52,6.697
 07-06-2024 22:21:14,58,7.236
 07-06-2024 22:21:15,55,6.251
 07-06-2024 22:21:16,59,7.99
 07-06-2024 22:21:17,53,6.922
 07-06-2024 22:21:18,58,6.801
 07-06-2024 22:21:19,56,20.964
 07-06-2024 22:21:20,58,12.605
 07-06-2024 22:21:21,58,9.527
 07-06-2024 22:21:22,57,12.417
 07-06-2024 22:21:23,58,11.561
 07-06-2024 22:21:24,62,9.796
 07-06-2024 22:21:25,56,7.237
 07-06-2024 22:21:26,60,9.032
 07-06-2024 22:21:27,52,9.151
 07-06-2024 22:21:28,59,9.287
 07-06-2024 22:21:29,60,13.311
 07-06-2024 22:21:30,60,6.744
 07-06-2024 22:21:31,53,11.243
 07-06-2024 22:21:32,52,7.364
 07-06-2024 22:21:33,57,8.529
 07-06-2024 22:21:34,52,7.715
 07-06-2024 22:21:35,54,6.983
 07-06-2024 22:21:36,58,16.089
 07-06-2024 22:21:37,61,9.841
 07-06-2024 22:21:38,59,12.732
 07-06-2024 22:21:39,58,14.377
 07-06-2024 22:21:40,58,10.773
 07-06-2024 22:21:41,57,15.852
 07-06-2024 22:21:42,56,13.193
 07-06-2024 22:21:43,55,14.172
 07-06-2024 22:21:44,57,14.071
 07-06-2024 22:21:45,56,12.726
 07-06-2024 22:21:46,58,11.509
 07-06-2024 22:21:47,54,24.556
 07-06-2024 22:21:48,61,14.701
 07-06-2024 22:21:49,54,11.536
 07-06-2024 22:21:50,54,12.716
 07-06-2024 22:21:51,57,9.77
 07-06-2024 22:21:52,58,16.628
 07-06-2024 22:21:53,55,17.658
 07-06-2024 22:21:54,58,13.713
 07-06-2024 22:21:55,60,20.154
 07-06-2024 22:21:56,54,13.123
 07-06-2024 22:21:57,60,7.352
 07-06-2024 22:21:58,60,11.837
 07-06-2024 22:21:59,51,8.228
 07-06-2024 22:22:00,58,6.777
 07-06-2024 22:22:01,61,6.745
 07-06-2024 22:22:02,52,8.283
 07-06-2024 22:22:03,50,7.122
 07-06-2024 22:22:04,59,11.357
 07-06-2024 22:22:05,51,9.221
 07-06-2024 22:22:06,58,3.821
 07-06-2024 22:22:07,56,10.559
 07-06-2024 22:22:08,50,6.579
 07-06-2024 22:22:09,57,6.949
 07-06-2024 22:22:10,58,9.887
 07-06-2024 22:22:11,60,8.009
 07-06-2024 22:22:12,50,5.052
 07-06-2024 22:22:13,54,9.834
 07-06-2024 22:22:14,50,7.845
 07-06-2024 22:22:15,58,5.451
 07-06-2024 22:22:16,58,12.813
 07-06-2024 22:22:17,60,6.159
 07-06-2024 22:22:18,58,6.321
 07-06-2024 22:22:19,59,6.438
 07-06-2024 22:22:20,52,9.917
 07-06-2024 22:22:21,51,9.355
 07-06-2024 22:22:22,58,9.484
 07-06-2024 22:22:23,51,8.953
 07-06-2024 22:22:24,58,6.685
 07-06-2024 22:22:25,57,9.583
 07-06-2024 22:22:26,56,6.862
 07-06-2024 22:22:27,55,8.847
 07-06-2024 22:22:28,57,11.002
 07-06-2024 22:22:29,59,12.132
 07-06-2024 22:22:30,52,6.011
 07-06-2024 22:22:31,56,8.618
 07-06-2024 22:22:32,50,8.812
 07-06-2024 22:22:33,53,4.199
 07-06-2024 22:22:34,60,9.722
 07-06-2024 22:22:35,58,6.802
 07-06-2024 22:22:36,60,7.944
 07-06-2024 22:22:37,56,6.142
 07-06-2024 22:22:38,59,12.248
 07-06-2024 22:22:39,52,11.444
 07-06-2024 22:22:40,59,8.709
 07-06-2024 22:22:41,54,9.814
 07-06-2024 22:22:42,58,6.661
 07-06-2024 22:22:43,57,8.944
 07-06-2024 22:22:44,56,6
 07-06-2024 22:22:45,53,10.687
 07-06-2024 22:22:46,56,6.106
 07-06-2024 22:22:47,51,9.475
 07-06-2024 22:22:48,49,6.024
 07-06-2024 22:22:49,56,7.873
 07-06-2024 22:22:50,49,9.799
 07-06-2024 22:22:51,56,4.834
 07-06-2024 22:22:52,59,11.523
 07-06-2024 22:22:53,48,5.703
 07-06-2024 22:22:54,52,6.501
 07-06-2024 22:22:55,56,5.696
 07-06-2024 22:22:56,58,9.976
 07-06-2024 22:22:57,48,4.945
 07-06-2024 22:22:58,57,6.66
 07-06-2024 22:22:59,51,8.716
 07-06-2024 22:23:00,50,7.912
 07-06-2024 22:23:01,57,12.072
 07-06-2024 22:23:02,56,9.068
 07-06-2024 22:23:03,56,12.704
 07-06-2024 22:23:04,56,6.115
 07-06-2024 22:23:05,56,10.141
 07-06-2024 22:23:06,49,9.097
 07-06-2024 22:23:07,55,8.208
 07-06-2024 22:23:08,56,10.336
 07-06-2024 22:23:09,56,8.216
 07-06-2024 22:23:10,52,8.19
 07-06-2024 22:23:11,58,7.017
 07-06-2024 22:23:12,56,12.525
 07-06-2024 22:23:13,54,6.618
 07-06-2024 22:23:14,54,12.035
 07-06-2024 22:23:15,57,14.13
 07-06-2024 22:23:16,60,48.473
 07-06-2024 22:23:17,60,55.072
 07-06-2024 22:23:18,61,30.558
 07-06-2024 22:23:19,58,26.121
 07-06-2024 22:23:20,58,25.512
 07-06-2024 22:23:21,57,18.111
 07-06-2024 22:23:22,49,7.796
 07-06-2024 22:23:23,54,15.352
 07-06-2024 22:23:24,54,14.796
 07-06-2024 22:23:25,49,10.341
 07-06-2024 22:23:26,51,17.654
 07-06-2024 22:23:27,50,10.27
 07-06-2024 22:23:28,58,11.408
 07-06-2024 22:23:29,52,15.782
 07-06-2024 22:23:30,50,12.038
 07-06-2024 22:23:31,55,18.203
 07-06-2024 22:23:32,53,14.357
 07-06-2024 22:23:33,59,21.006
 07-06-2024 22:23:34,58,21.444
 07-06-2024 22:23:35,58,22.887
 07-06-2024 22:23:36,53,15.959
 07-06-2024 22:23:37,54,13.569
 07-06-2024 22:23:38,50,13.782
 07-06-2024 22:23:39,58,9.425
 07-06-2024 22:23:40,57,10.62
 07-06-2024 22:23:41,51,11.501
 07-06-2024 22:23:42,50,11.626
 07-06-2024 22:23:43,49,8.88
 07-06-2024 22:23:44,54,8.516
 07-06-2024 22:23:45,51,12.367
 07-06-2024 22:23:46,51,6.826
 07-06-2024 22:23:47,50,10.349
 07-06-2024 22:23:48,49,5.537
 07-06-2024 22:23:49,53,9.251
 07-06-2024 22:23:50,51,11.05
 07-06-2024 22:23:51,56,11.104
 07-06-2024 22:23:52,49,8.302
 07-06-2024 22:23:53,58,10.382
 07-06-2024 22:23:54,58,9.835
 07-06-2024 22:23:55,55,14.577
 07-06-2024 22:23:56,51,14.693
 07-06-2024 22:23:57,55,8.881
 07-06-2024 22:23:58,55,8.618
 07-06-2024 22:23:59,58,19.061
 07-06-2024 22:24:00,48,6.042
 07-06-2024 22:24:01,52,12.572
 07-06-2024 22:24:02,49,7.453
 07-06-2024 22:24:03,52,6.547
 07-06-2024 22:24:04,48,7.48
 07-06-2024 22:24:05,58,8.35
 07-06-2024 22:24:06,58,14.071
 07-06-2024 22:24:07,49,8.405
 07-06-2024 22:24:08,55,7.995
 07-06-2024 22:24:09,49,6.833
 07-06-2024 22:24:10,55,6.767
 07-06-2024 22:24:11,50,8
 07-06-2024 22:24:12,51,6.998
 07-06-2024 22:24:13,55,10.633
 07-06-2024 22:24:14,55,9.91
 07-06-2024 22:24:15,50,13.457
 07-06-2024 22:24:16,49,10.944
 07-06-2024 22:24:17,54,11.481
 07-06-2024 22:24:18,48,7.319
 07-06-2024 22:24:19,50,7.069
 07-06-2024 22:24:20,47,7.593
 07-06-2024 22:24:21,54,8.354
 07-06-2024 22:24:22,51,13.603
 07-06-2024 22:24:23,53,12.203
 07-06-2024 22:24:24,56,13.731
 07-06-2024 22:24:25,54,20.362
 07-06-2024 22:24:26,58,13.2
 07-06-2024 22:24:27,57,16.553
 07-06-2024 22:24:28,54,11.851
 07-06-2024 22:24:29,49,14.055
 07-06-2024 22:24:30,53,28.674
 07-06-2024 22:24:31,50,17.622
 07-06-2024 22:24:32,55,21.803
 07-06-2024 22:24:33,51,10.295
 07-06-2024 22:24:34,50,6.394
 07-06-2024 22:24:35,52,8.694
 07-06-2024 22:24:36,48,5.42
 07-06-2024 22:24:37,53,8.786
 07-06-2024 22:24:38,48,5.748
 07-06-2024 22:24:39,52,7.629
 07-06-2024 22:24:40,48,7.702
 07-06-2024 22:24:41,57,8.113
 07-06-2024 22:24:42,56,7.327
 07-06-2024 22:24:43,48,7.004
 07-06-2024 22:24:44,54,8.959
 07-06-2024 22:24:45,49,5.376
 07-06-2024 22:24:46,50,8.695
 07-06-2024 22:24:47,48,7.25
 07-06-2024 22:24:48,52,6.987
 07-06-2024 22:24:49,47,6.878
 07-06-2024 22:24:50,52,6.93
 07-06-2024 22:24:51,50,8.096
 07-06-2024 22:24:52,52,6.747
 07-06-2024 22:24:53,58,11.396
 07-06-2024 22:24:54,49,7.104
 07-06-2024 22:24:55,56,16.586
 07-06-2024 22:24:56,49,11.542
 07-06-2024 22:24:57,54,9.527
 07-06-2024 22:24:58,52,15.031
 07-06-2024 22:24:59,55,10.574
 07-06-2024 22:25:00,52,14.599
 07-06-2024 22:25:01,56,11.964
 07-06-2024 22:25:02,55,11.581
 07-06-2024 22:25:03,57,13.885
 07-06-2024 22:25:04,56,10.306
 07-06-2024 22:25:05,58,12.993
 07-06-2024 22:25:06,50,10.171
 07-06-2024 22:25:07,54,7.774
 07-06-2024 22:25:08,48,7.471
 07-06-2024 22:25:09,55,6.079
 07-06-2024 22:25:10,48,7.387
 07-06-2024 22:25:11,52,9.418
 07-06-2024 22:25:12,55,14.848
 07-06-2024 22:25:13,52,12.094
 07-06-2024 22:25:14,55,8.832
 07-06-2024 22:25:15,58,12.92
 07-06-2024 22:25:16,51,12.547
 07-06-2024 22:25:17,56,17.983
 07-06-2024 22:25:18,49,8.732
 07-06-2024 22:25:19,49,8.904
 07-06-2024 22:25:20,55,11.994
 07-06-2024 22:25:21,52,10.503
 07-06-2024 22:25:22,53,9.002
 07-06-2024 22:25:23,51,11.079
 07-06-2024 22:25:24,52,8.176
 07-06-2024 22:25:25,51,9.154
 07-06-2024 22:25:26,56,12.464
 07-06-2024 22:25:27,51,17.23
 07-06-2024 22:25:28,49,14.561
 07-06-2024 22:25:29,52,6.705
 07-06-2024 22:25:30,52,11.635
 07-06-2024 22:25:31,51,11.719
 07-06-2024 22:25:32,55,17.221
 07-06-2024 22:25:33,54,15.975
 07-06-2024 22:25:34,50,7.417
 07-06-2024 22:25:35,52,10.654
 07-06-2024 22:25:36,51,7.574
 07-06-2024 22:25:37,50,10.633
 07-06-2024 22:25:38,49,8.761
 07-06-2024 22:25:39,49,6.844
 07-06-2024 22:25:40,52,9.58
 07-06-2024 22:25:41,50,9.664
 07-06-2024 22:25:42,54,13.601
 07-06-2024 22:25:43,51,17.224
 07-06-2024 22:25:44,49,11.41
 07-06-2024 22:25:45,57,9.344
 07-06-2024 22:25:46,51,7.138
 07-06-2024 22:25:47,54,14.485
 07-06-2024 22:25:48,56,15.737
 07-06-2024 22:25:49,49,10.532
 07-06-2024 22:25:50,53,10.495
 07-06-2024 22:25:51,49,8.547
 07-06-2024 22:25:52,56,7.72
 07-06-2024 22:25:53,49,7.585
 07-06-2024 22:25:54,50,8.673
 07-06-2024 22:25:55,52,9.553
 07-06-2024 22:25:56,48,7.157
 07-06-2024 22:25:57,51,12.207
 07-06-2024 22:25:58,50,7.796
 07-06-2024 22:25:59,52,8.519
 07-06-2024 22:26:00,51,8.085
 07-06-2024 22:26:01,54,7.7
 07-06-2024 22:26:02,51,9.332
 07-06-2024 22:26:03,47,6.471
 07-06-2024 22:26:04,53,7.327
 07-06-2024 22:26:05,49,7.418
 07-06-2024 22:26:06,55,8.633
 07-06-2024 22:26:07,49,9.432
 07-06-2024 22:26:08,56,7.657
 07-06-2024 22:26:09,56,11.881
 07-06-2024 22:26:10,47,6.447
 07-06-2024 22:26:11,55,8.052
 07-06-2024 22:26:12,51,8.05
 07-06-2024 22:26:13,52,7.554
 07-06-2024 22:26:14,48,7.617
 07-06-2024 22:26:15,50,7.308
 07-06-2024 22:26:16,48,10.464
 07-06-2024 22:26:17,48,6.028
 07-06-2024 22:26:18,56,9.179
 07-06-2024 22:26:19,48,7.312
 07-06-2024 22:26:20,54,7.577
 07-06-2024 22:26:21,50,7.643
 07-06-2024 22:26:22,55,9
 07-06-2024 22:26:23,47,8.43
 07-06-2024 22:26:24,54,5.969
 07-06-2024 22:26:25,51,11.432
 07-06-2024 22:26:26,49,8.43
 07-06-2024 22:26:27,52,11.985
 07-06-2024 22:26:28,48,8.538
 07-06-2024 22:26:29,52,7.965
 07-06-2024 22:26:30,58,11.019
 07-06-2024 22:26:31,47,8.027
 07-06-2024 22:26:32,54,9.642
 07-06-2024 22:26:33,47,6.702
 07-06-2024 22:26:34,54,7.992
 07-06-2024 22:26:35,47,7.761
 07-06-2024 22:26:36,56,8.636
 07-06-2024 22:26:37,48,8.651
 07-06-2024 22:26:38,52,7.206
 07-06-2024 22:26:39,49,9.25
 07-06-2024 22:26:40,47,7.682
 07-06-2024 22:26:41,51,9.032
 07-06-2024 22:26:42,48,7.508
 07-06-2024 22:26:43,51,7.773
 07-06-2024 22:26:44,48,6.876
 07-06-2024 22:26:45,49,8.107
 07-06-2024 22:26:46,50,11.763
 07-06-2024 22:26:47,47,7.754
 07-06-2024 22:26:48,49,8.645
 07-06-2024 22:26:49,48,9.197
 07-06-2024 22:26:50,52,7.987
 07-06-2024 22:26:51,49,8.148
 07-06-2024 22:26:52,49,7.268
 07-06-2024 22:26:53,56,8.525
 07-06-2024 22:26:54,47,7.811
 07-06-2024 22:26:55,50,8.133
 07-06-2024 22:26:56,48,7.512
 07-06-2024 22:26:57,54,7.843
 07-06-2024 22:26:58,51,11.42
 07-06-2024 22:26:59,48,7.819
 07-06-2024 22:27:00,52,9.644
 07-06-2024 22:27:01,49,7.646
 07-06-2024 22:27:02,54,7.693
 07-06-2024 22:27:03,47,7.082
 07-06-2024 22:27:04,49,10.761
 07-06-2024 22:27:05,49,10.539
 07-06-2024 22:27:06,49,8.607
 07-06-2024 22:27:07,49,10.071
 07-06-2024 22:27:08,48,9.779
 07-06-2024 22:27:09,51,8.572
 07-06-2024 22:27:10,60,10.581
 07-06-2024 22:27:11,48,8.384
 07-06-2024 22:27:12,50,10.027
 07-06-2024 22:27:13,48,7.721
 07-06-2024 22:27:14,53,7.903
 07-06-2024 22:27:15,50,7.994
 07-06-2024 22:27:16,52,7.24
 07-06-2024 22:27:17,53,8.471
 07-06-2024 22:27:18,48,6.825
 07-06-2024 22:27:19,54,11.994
 07-06-2024 22:27:20,51,14.791
 07-06-2024 22:27:21,51,13.051
 07-06-2024 22:27:22,55,17.892
 07-06-2024 22:27:23,51,10.822
 07-06-2024 22:27:24,49,10.529
 07-06-2024 22:27:25,55,8.394
 07-06-2024 22:27:26,48,8.477
 07-06-2024 22:27:27,51,10.426
 07-06-2024 22:27:28,47,8.498
 07-06-2024 22:27:29,50,10.203
 07-06-2024 22:27:30,52,10.264
 07-06-2024 22:27:31,52,11.31
 07-06-2024 22:27:32,47,9.141
 07-06-2024 22:27:33,50,9.054
 07-06-2024 22:27:34,53,11.764
 07-06-2024 22:27:35,47,10.334
 07-06-2024 22:27:36,54,9.292
 07-06-2024 22:27:37,50,17.122
 07-06-2024 22:27:38,52,10.187
 07-06-2024 22:27:39,55,22.657
 07-06-2024 22:27:40,49,14.765
 07-06-2024 22:27:41,51,9.136
 07-06-2024 22:27:42,56,15.492
 07-06-2024 22:27:43,48,11.788
 07-06-2024 22:27:44,51,9.772
 07-06-2024 22:27:45,53,9.473
 07-06-2024 22:27:46,50,6.477
 07-06-2024 22:27:47,55,11.187
 07-06-2024 22:27:48,47,6.954
 07-06-2024 22:27:49,52,8.145
 07-06-2024 22:27:50,47,7.519
 07-06-2024 22:27:51,54,10.487
 07-06-2024 22:27:52,55,16.598
 07-06-2024 22:27:53,52,19.684
 07-06-2024 22:27:54,51,11.407
 07-06-2024 22:27:55,58,14.185
 07-06-2024 22:27:56,49,6.758
 07-06-2024 22:27:57,51,8.775
 07-06-2024 22:27:58,50,10.85
 07-06-2024 22:27:59,50,10.625
 07-06-2024 22:28:00,47,9.607
 07-06-2024 22:28:01,52,12.076
 07-06-2024 22:28:02,49,13.601
 07-06-2024 22:28:03,47,8.483
 07-06-2024 22:28:04,55,8.539
 07-06-2024 22:28:05,48,7.83
 07-06-2024 22:28:06,51,8.591
 07-06-2024 22:28:07,52,10.144
 07-06-2024 22:28:08,51,6.497
 07-06-2024 22:28:09,50,8.247
 07-06-2024 22:28:10,49,6.778
 07-06-2024 22:28:11,52,9.88
 07-06-2024 22:28:12,47,8.66
 07-06-2024 22:28:13,53,8.32
 07-06-2024 22:28:14,47,6.599
 07-06-2024 22:28:15,52,7.471
 07-06-2024 22:28:16,49,8.277
 07-06-2024 22:28:17,54,9.216
 07-06-2024 22:28:18,51,15.529
 07-06-2024 22:28:19,58,13.534
 07-06-2024 22:28:20,58,19.269
 07-06-2024 22:28:21,55,16.505
 07-06-2024 22:28:22,55,14.772
 07-06-2024 22:28:23,52,14.473
 07-06-2024 22:28:24,55,17.604
 07-06-2024 22:28:25,60,10.983
 07-06-2024 22:28:26,55,14.856
 07-06-2024 22:28:27,58,17.176
 07-06-2024 22:28:28,52,19.356
 07-06-2024 22:28:29,55,14.583
 07-06-2024 22:28:30,50,19.85
 07-06-2024 22:28:31,54,12.005
 07-06-2024 22:28:32,51,16.393
 07-06-2024 22:28:33,51,16.235
 07-06-2024 22:28:34,49,11.393
 07-06-2024 22:28:35,51,12.3
 07-06-2024 22:28:36,55,13.137
 07-06-2024 22:28:37,49,7.703
 07-06-2024 22:28:38,55,12.148
 07-06-2024 22:28:39,47,8.178
 07-06-2024 22:28:40,53,8.455
 07-06-2024 22:28:41,49,12.4
 07-06-2024 22:28:42,48,7.663
 07-06-2024 22:28:43,48,9.274
 07-06-2024 22:28:44,50,9.189
 07-06-2024 22:28:45,49,11.236
 07-06-2024 22:28:46,54,12.842
 07-06-2024 22:28:47,49,9.72
 07-06-2024 22:28:48,52,12.754
 07-06-2024 22:28:49,50,9.375
 07-06-2024 22:28:50,55,8.634
 07-06-2024 22:28:51,52,13.125
 07-06-2024 22:28:52,49,7.538
 07-06-2024 22:28:53,49,8.921
 07-06-2024 22:28:54,47,6.733
 07-06-2024 22:28:55,49,8.124
 07-06-2024 22:28:56,51,9.544
 07-06-2024 22:28:57,51,6.578
 07-06-2024 22:28:58,51,11.321
 07-06-2024 22:28:59,47,8.412
 07-06-2024 22:29:00,55,8.59
 07-06-2024 22:29:01,49,10.808
 07-06-2024 22:29:02,51,7.413
 07-06-2024 22:29:03,51,12.795
 07-06-2024 22:29:04,49,8.257
 07-06-2024 22:29:05,47,8.925
 07-06-2024 22:29:06,47,6.619
 07-06-2024 22:29:07,49,8.232
 07-06-2024 22:29:08,49,10.343
 07-06-2024 22:29:09,52,7.112
 07-06-2024 22:29:10,49,11.249
 07-06-2024 22:29:11,48,10.816
 07-06-2024 22:29:12,49,8.522
 07-06-2024 22:29:13,56,10.588
 07-06-2024 22:29:14,51,9.878
 07-06-2024 22:29:15,48,9.057
 07-06-2024 22:29:16,54,9.871
 07-06-2024 22:29:17,49,10.558
 07-06-2024 22:29:18,48,8.256
 07-06-2024 22:29:19,49,10.02
 07-06-2024 22:29:20,50,10.621
 07-06-2024 22:29:21,52,8.285
 07-06-2024 22:29:22,56,12.935
 07-06-2024 22:29:23,47,7.896
 07-06-2024 22:29:24,51,11.343
 07-06-2024 22:29:25,54,19.354
 07-06-2024 22:29:26,48,12.991
 07-06-2024 22:29:27,54,14.127
 07-06-2024 22:29:28,51,14.7
 07-06-2024 22:29:29,54,10.35
 07-06-2024 22:29:30,59,15.424
 07-06-2024 22:29:31,49,13.532
 07-06-2024 22:29:32,50,8.577
 07-06-2024 22:29:33,51,8.458
 07-06-2024 22:29:34,49,7.26
 07-06-2024 22:29:35,51,9.988
 07-06-2024 22:29:36,51,7.404
 07-06-2024 22:29:37,52,9.535
 07-06-2024 22:29:38,51,10.632
 07-06-2024 22:29:39,50,9.419
 07-06-2024 22:29:40,51,9.941
 07-06-2024 22:29:41,49,8.149
 07-06-2024 22:29:42,56,13.435
 07-06-2024 22:29:43,47,8.08
 07-06-2024 22:29:44,54,7.946
 07-06-2024 22:29:45,47,8.528
 07-06-2024 22:29:46,49,7.141
 07-06-2024 22:29:47,52,9.654
 07-06-2024 22:29:48,49,8.302
 07-06-2024 22:29:49,52,12.295
 07-06-2024 22:29:50,47,10.064
 07-06-2024 22:29:51,49,8.333
 07-06-2024 22:29:52,52,13.634
 07-06-2024 22:29:53,52,10.09
 07-06-2024 22:29:54,50,14.207
 07-06-2024 22:29:55,48,11.255
 07-06-2024 22:29:56,52,16.485
 07-06-2024 22:29:57,58,18.085
 07-06-2024 22:29:58,54,17.027
 07-06-2024 22:29:59,54,12.571
 07-06-2024 22:30:00,51,16.763
 07-06-2024 22:30:01,52,19.563
 07-06-2024 22:30:02,51,8.231
 07-06-2024 22:30:03,49,10.373
 07-06-2024 22:30:04,49,9.139
 07-06-2024 22:30:05,51,8.922
 07-06-2024 22:30:06,47,8.005
 07-06-2024 22:30:07,49,8.042
 07-06-2024 22:30:08,55,9.4
 07-06-2024 22:30:09,47,10.736
 07-06-2024 22:30:10,50,11.279
 07-06-2024 22:30:11,48,12.254
 07-06-2024 22:30:12,49,9.373
 07-06-2024 22:30:13,52,8.993
 07-06-2024 22:30:14,49,8.044
 07-06-2024 22:30:15,50,9.401
 07-06-2024 22:30:16,52,9.882
 07-06-2024 22:30:17,50,9.561
 07-06-2024 22:30:18,47,7.351
 07-06-2024 22:30:19,53,8.034
 07-06-2024 22:30:20,50,8.822
 07-06-2024 22:30:21,52,13.836
 07-06-2024 22:30:22,52,12.153
 07-06-2024 22:30:23,50,12.755
 07-06-2024 22:30:24,52,10.093
 07-06-2024 22:30:25,47,7.602
 07-06-2024 22:30:26,50,7.663
 07-06-2024 22:30:27,52,8.737
 07-06-2024 22:30:28,46,7.005
 07-06-2024 22:30:29,51,8.586
 07-06-2024 22:30:30,47,8.041
 07-06-2024 22:30:31,49,14.975
 07-06-2024 22:30:32,54,13.681
 07-06-2024 22:30:33,47,6.803
 07-06-2024 22:30:34,51,11.265
 07-06-2024 22:30:35,48,16.417
 07-06-2024 22:30:36,49,9.253
 07-06-2024 22:30:37,55,12.621
 07-06-2024 22:30:38,49,9.931
 07-06-2024 22:30:39,55,14.504
 07-06-2024 22:30:40,48,12.842
 07-06-2024 22:30:41,49,16.87
 07-06-2024 22:30:42,50,12.515
 07-06-2024 22:30:43,50,11.862
 07-06-2024 22:30:44,49,13.357
 07-06-2024 22:30:45,52,23.619
 07-06-2024 22:30:46,49,23.134
 07-06-2024 22:30:47,52,8.613
 07-06-2024 22:30:48,48,12.78
 07-06-2024 22:30:49,47,7.837
 07-06-2024 22:30:50,49,8.835
 07-06-2024 22:30:51,52,18.403
 07-06-2024 22:30:52,50,17.549
 07-06-2024 22:30:53,56,18.506
 07-06-2024 22:30:54,50,10.417
 07-06-2024 22:30:55,51,11.285
 07-06-2024 22:30:56,52,11.426
 07-06-2024 22:30:57,51,19.231
 07-06-2024 22:30:58,52,15.785
 07-06-2024 22:30:59,48,16.111
 07-06-2024 22:31:00,49,9.706
 07-06-2024 22:31:01,54,11.805
 07-06-2024 22:31:02,47,8.968
 07-06-2024 22:31:03,49,8.697
 07-06-2024 22:31:04,47,9.244
 07-06-2024 22:31:05,54,7.225
 07-06-2024 22:31:06,49,9.227
 07-06-2024 22:31:07,47,6.48
 07-06-2024 22:31:08,51,8.805
 07-06-2024 22:31:09,48,7.665
 07-06-2024 22:31:10,55,9.071
 07-06-2024 22:31:11,48,10.204
 07-06-2024 22:31:12,48,6.724
 07-06-2024 22:31:13,49,10.776
 07-06-2024 22:31:14,48,10.941
 07-06-2024 22:31:15,52,8.116
 07-06-2024 22:31:16,52,7.594
 07-06-2024 22:31:17,54,7.504
 07-06-2024 22:31:18,47,7.198
 07-06-2024 22:31:19,53,7.697
 07-06-2024 22:31:20,50,17.083
 07-06-2024 22:31:21,52,9.921
 07-06-2024 22:31:22,59,21.222
 07-06-2024 22:31:23,50,24.304
 07-06-2024 22:31:24,51,12.569
 07-06-2024 22:31:25,54,7.91
 07-06-2024 22:31:26,50,12.779
 07-06-2024 22:31:27,48,13.05
 07-06-2024 22:31:28,51,12.133
 07-06-2024 22:31:29,48,12.511
 07-06-2024 22:31:30,52,9.623
 07-06-2024 22:31:31,52,17.715
 07-06-2024 22:31:32,51,12.676
 07-06-2024 22:31:33,55,12.04
 07-06-2024 22:31:34,53,14.538
 07-06-2024 22:31:35,54,13.07
 07-06-2024 22:31:36,52,14.647
 07-06-2024 22:31:37,49,11.078
 07-06-2024 22:31:38,55,8.581
 07-06-2024 22:31:39,52,9.876
 07-06-2024 22:31:40,49,11.288
 07-06-2024 22:31:41,54,11.75
 07-06-2024 22:31:42,47,9.57
 07-06-2024 22:31:43,51,8.942
 07-06-2024 22:31:44,57,12.636
 07-06-2024 22:31:45,48,8.888
 07-06-2024 22:31:46,50,9.832
 07-06-2024 22:31:47,47,8.879
 07-06-2024 22:31:48,51,8.519
 07-06-2024 22:31:49,48,8.739
 07-06-2024 22:31:50,53,9.398
 07-06-2024 22:31:51,55,13.22
 07-06-2024 22:31:52,47,8.235
 07-06-2024 22:31:53,49,10.015
 07-06-2024 22:31:54,47,12.678
 07-06-2024 22:31:55,53,11.27
 07-06-2024 22:31:56,52,14.546
 07-06-2024 22:31:57,49,8.654
 07-06-2024 22:31:58,56,8.217
 07-06-2024 22:31:59,48,8.799
 07-06-2024 22:32:00,55,9.744
 07-06-2024 22:32:01,52,10.614
 07-06-2024 22:32:02,55,9.107
 07-06-2024 22:32:03,52,10.671
 07-06-2024 22:32:04,51,11.103
 07-06-2024 22:32:05,51,11.224
 07-06-2024 22:32:06,49,7.81
 07-06-2024 22:32:07,54,9.433
 07-06-2024 22:32:08,48,9.899
 07-06-2024 22:32:09,49,15.559
 07-06-2024 22:32:10,56,10
 07-06-2024 22:32:11,49,10.411
 07-06-2024 22:32:12,54,9.761
 07-06-2024 22:32:13,49,12.693
 07-06-2024 22:32:14,56,13.934
 07-06-2024 22:32:15,55,13.132
 07-06-2024 22:32:16,50,7.416
 07-06-2024 22:32:17,55,9.107
 07-06-2024 22:32:18,52,10.671
 07-06-2024 22:32:19,51,11.103
 07-06-2024 22:32:20,51,11.224
 07-06-2024 22:32:21,49,7.81
 07-06-2024 22:32:22,54,9.433
 07-06-2024 22:32:23,48,9.899
 07-06-2024 22:32:24,49,15.559
 07-06-2024 22:32:25,56,10
 07-06-2024 22:32:26,49,10.411
 07-06-2024 22:32:27,54,9.761
 07-06-2024 22:32:28,47,8.236
 07-06-2024 22:32:29,55,12.118
 07-06-2024 22:32:30,49,9.31
 07-06-2024 22:32:31,51,8.549
 07-06-2024 22:32:32,51,14.503
 07-06-2024 22:32:33,54,18.052
 07-06-2024 22:32:34,61,19.523
 07-06-2024 22:32:35,53,13.402
 07-06-2024 22:32:36,47,6.97
 07-06-2024 22:32:37,51,8.321
 07-06-2024 22:32:38,47,6.659
 07-06-2024 22:32:39,52,8.341
 07-06-2024 22:32:40,47,9.246
 07-06-2024 22:32:41,52,20.684
 07-06-2024 22:32:42,57,35.346
 07-06-2024 22:32:43,57,25.05
 07-06-2024 22:32:44,50,8.356
 07-06-2024 22:32:45,56,15.475
 07-06-2024 22:32:46,48,7.796
 07-06-2024 22:32:47,51,8.707
 07-06-2024 22:32:48,47,8.159
 07-06-2024 22:32:49,54,7.993
 07-06-2024 22:32:50,47,8.148
 07-06-2024 22:32:51,47,6.572
 07-06-2024 22:32:52,57,10.345
 07-06-2024 22:32:53,47,8.92
 07-06-2024 22:32:54,54,8.195
 07-06-2024 22:32:55,48,12.733
 07-06-2024 22:32:56,49,8.64
 07-06-2024 22:32:57,53,8.925
 07-06-2024 22:32:58,47,6.846
 07-06-2024 22:32:59,48,9.582
 07-06-2024 22:33:00,47,7.272
 07-06-2024 22:33:01,55,8.32
 07-06-2024 22:33:02,55,10.18
 07-06-2024 22:33:03,53,9.071
 07-06-2024 22:33:04,48,9.027
 07-06-2024 22:33:05,53,10.107
 07-06-2024 22:33:06,52,10.341
 07-06-2024 22:33:07,46,7.652
 07-06-2024 22:33:08,52,8.401
 07-06-2024 22:33:09,47,7.41
 07-06-2024 22:33:10,54,7.974
 07-06-2024 22:33:11,52,7.464
 07-06-2024 22:33:12,52,8.382
 07-06-2024 22:33:13,47,10.888
 07-06-2024 22:33:14,51,5.159
 07-06-2024 22:33:15,49,14.755
 07-06-2024 22:33:16,48,8.009
 07-06-2024 22:33:17,55,8.267
 07-06-2024 22:33:18,49,8.441
 07-06-2024 22:33:19,52,9.71
 07-06-2024 22:33:20,52,11.804
 07-06-2024 22:33:21,54,14.517
 07-06-2024 22:33:22,55,20.764
 07-06-2024 22:33:23,56,18.46
 07-06-2024 22:33:24,54,18.21
 07-06-2024 22:33:25,59,52.227
 07-06-2024 22:33:26,58,51.1
 07-06-2024 22:33:27,57,44.487
 07-06-2024 22:33:28,58,43.919
 07-06-2024 22:33:29,53,34.363
 07-06-2024 22:33:30,58,41.247
 07-06-2024 22:33:31,57,34.802
 07-06-2024 22:33:32,58,37.141
 07-06-2024 22:33:33,52,21.794
 07-06-2024 22:33:34,48,8.787
 07-06-2024 22:33:35,52,18.009
 07-06-2024 22:33:36,47,11.844
 07-06-2024 22:33:37,47,6.404
 07-06-2024 22:33:38,54,7.468
 07-06-2024 22:33:39,47,7.3
 07-06-2024 22:33:40,49,10.128
 07-06-2024 22:33:41,50,10.613
 07-06-2024 22:33:42,51,13.154
 07-06-2024 22:33:43,50,12.912
 07-06-2024 22:33:44,49,7.526
 07-06-2024 22:33:45,51,8.736
 07-06-2024 22:33:46,51,13.501
 07-06-2024 22:33:47,52,10.041
 07-06-2024 22:33:48,50,12.518
 07-06-2024 22:33:49,52,6.527
 07-06-2024 22:33:50,55,8.611
 07-06-2024 22:33:51,47,6.346
 07-06-2024 22:33:52,52,9.286
 07-06-2024 22:33:53,52,11.269
 07-06-2024 22:33:54,55,8.906
 07-06-2024 22:33:55,50,9.934
 07-06-2024 22:33:56,49,10.79
 07-06-2024 22:33:57,55,12.052
 07-06-2024 22:33:58,47,5.738
 07-06-2024 22:33:59,52,12.411
 07-06-2024 22:34:00,51,10.88
 07-06-2024 22:34:01,54,11.519
 07-06-2024 22:34:02,54,13.779
 07-06-2024 22:34:03,47,8.79
 07-06-2024 22:34:04,55,8.376
 07-06-2024 22:34:05,48,7.601
 07-06-2024 22:34:06,54,15.347
 07-06-2024 22:34:07,48,8.352
 07-06-2024 22:34:08,54,6.232
 07-06-2024 22:34:09,50,8.652
 07-06-2024 22:34:10,51,5.055
 07-06-2024 22:34:11,54,9.669
 07-06-2024 22:34:12,47,5.469
 07-06-2024 22:34:13,52,7.689
 07-06-2024 22:34:14,47,8.043
 07-06-2024 22:34:15,48,9.919
 07-06-2024 22:34:16,47,7.79
 07-06-2024 22:34:17,54,10.282
 07-06-2024 22:34:18,47,7.083
 07-06-2024 22:34:19,51,6.534
 07-06-2024 22:34:20,49,7.947
 07-06-2024 22:34:21,48,6.065
 07-06-2024 22:34:22,50,8.29
 07-06-2024 22:34:23,47,6.01
 07-06-2024 22:34:24,53,9.951
 07-06-2024 22:34:25,49,7.441
 07-06-2024 22:34:26,52,8.307
 07-06-2024 22:34:27,49,8.997
 07-06-2024 22:34:28,51,9.81
 07-06-2024 22:34:29,49,9.08
 07-06-2024 22:34:30,50,6.343
 07-06-2024 22:34:31,49,8.327
 07-06-2024 22:34:32,47,6.703
 07-06-2024 22:34:33,52,7.076
 07-06-2024 22:34:34,48,6.857
 07-06-2024 22:34:35,49,15.972
 07-06-2024 22:34:36,49,7.192
 07-06-2024 22:34:37,52,6.991
 07-06-2024 22:34:38,47,6.668
 07-06-2024 22:34:39,52,6.276
 07-06-2024 22:34:40,56,14.012
 07-06-2024 22:34:41,47,11.23
 07-06-2024 22:34:42,49,8.117
 07-06-2024 22:34:43,49,9.784
 07-06-2024 22:34:44,54,12.595
 07-06-2024 22:34:45,47,9.698
 07-06-2024 22:34:46,50,6.476
 07-06-2024 22:34:47,53,8.521
 07-06-2024 22:34:48,53,9.137
 07-06-2024 22:34:49,47,15.657
 07-06-2024 22:34:50,46,6.73
 07-06-2024 22:34:51,52,7.789
 07-06-2024 22:34:52,48,8.963
 07-06-2024 22:34:53,50,7.49
 07-06-2024 22:34:54,56,19.43
 07-06-2024 22:34:55,50,10.763
 07-06-2024 22:34:56,51,8.203
 07-06-2024 22:34:57,53,12.273
 07-06-2024 22:34:59,48,7.718
 07-06-2024 22:34:59,57,12.891
 07-06-2024 22:35:00,55,17.033
 07-06-2024 22:35:01,52,19.112
 07-06-2024 22:35:02,58,19.679
 07-06-2024 22:35:03,52,12.997
 07-06-2024 22:35:04,56,15.754
 07-06-2024 22:35:05,56,27.3
 07-06-2024 22:35:06,48,13.757
 07-06-2024 22:35:07,56,26.682
 07-06-2024 22:35:08,58,25.051
 07-06-2024 22:35:09,56,29.587
 07-06-2024 22:35:10,55,10.654
 07-06-2024 22:35:11,55,22.715
 07-06-2024 22:35:12,56,32.263
 07-06-2024 22:35:13,58,17.74
 07-06-2024 22:35:14,56,31.116
 07-06-2024 22:35:15,56,22.258
 07-06-2024 22:35:16,55,24.465
 07-06-2024 22:35:17,54,15.343
 07-06-2024 22:35:18,56,16.395
 07-06-2024 22:35:19,50,18.621
 07-06-2024 22:35:20,52,11.341
 07-06-2024 22:35:21,55,23.267
 07-06-2024 22:35:22,58,26.558
 07-06-2024 22:35:23,56,9.532
 07-06-2024 22:35:24,58,9.211
 07-06-2024 22:35:25,54,6.387
 07-06-2024 22:35:26,52,17.984
 07-06-2024 22:35:27,56,23.005
 07-06-2024 22:35:28,59,15.932
 07-06-2024 22:35:29,54,18.593
 07-06-2024 22:35:30,55,14.89
 07-06-2024 22:35:31,56,18.05
 07-06-2024 22:35:32,58,24.379
 07-06-2024 22:35:33,56,28.011
 07-06-2024 22:35:34,58,23.718
 07-06-2024 22:35:35,55,23.65
 07-06-2024 22:35:36,56,21.991
 07-06-2024 22:35:37,54,22.038
 07-06-2024 22:35:38,53,16.215
 07-06-2024 22:35:39,52,17.883
 07-06-2024 22:35:40,52,14.491
 07-06-2024 22:35:41,56,15.378
 07-06-2024 22:35:42,58,20.283
 07-06-2024 22:35:43,54,13.709
 07-06-2024 22:35:44,60,12.863
 07-06-2024 22:35:45,55,22.143
 07-06-2024 22:35:46,55,18.832
 07-06-2024 22:35:47,57,19.791
 07-06-2024 22:35:48,58,24.815
 07-06-2024 22:35:49,57,14.497
 07-06-2024 22:35:50,56,15.358
 07-06-2024 22:35:51,56,27.005
 07-06-2024 22:35:52,58,23.376
 07-06-2024 22:35:53,58,26.162
 07-06-2024 22:35:54,55,22.066
 07-06-2024 22:35:55,58,27.18
 07-06-2024 22:35:56,55,26.81
 07-06-2024 22:35:57,54,24.507
 07-06-2024 22:35:58,50,14.953
 07-06-2024 22:35:59,56,7.574
 07-06-2024 22:36:00,54,15.034
 07-06-2024 22:36:01,58,17.131
 07-06-2024 22:36:02,56,19.879
 07-06-2024 22:36:03,60,18.12
 07-06-2024 22:36:04,53,11.913
 07-06-2024 22:36:05,58,18.152
 07-06-2024 22:36:06,56,18.003
 07-06-2024 22:36:07,55,13.214
 07-06-2024 22:36:08,56,16.906
 07-06-2024 22:36:09,56,17.736
 07-06-2024 22:36:10,58,13.483
 07-06-2024 22:36:11,58,20.201
 07-06-2024 22:36:12,56,25.322
 07-06-2024 22:36:13,57,13.086
 07-06-2024 22:36:14,59,14.146
 07-06-2024 22:36:15,56,10.525
 07-06-2024 22:36:16,58,24.191
 07-06-2024 22:36:17,54,18.357
 07-06-2024 22:36:18,54,13.883
 07-06-2024 22:36:19,58,18.77
 07-06-2024 22:36:20,60,14.478
 07-06-2024 22:36:21,56,13.816
 07-06-2024 22:36:22,54,19.872
 07-06-2024 22:36:23,55,12.629
 07-06-2024 22:36:24,55,13.143
 07-06-2024 22:36:25,64,16.479
 07-06-2024 22:36:26,57,12.132
 07-06-2024 22:36:27,59,16.73
 07-06-2024 22:36:28,58,19.945
 07-06-2024 22:36:29,55,12.454
 07-06-2024 22:36:30,56,23.181
 07-06-2024 22:36:31,57,24.444
 07-06-2024 22:36:32,58,19.664
 07-06-2024 22:36:33,58,18.059
 07-06-2024 22:36:34,56,16.064
 07-06-2024 22:36:35,56,17.057
 07-06-2024 22:36:36,54,19.541
 07-06-2024 22:36:37,55,18.741
 07-06-2024 22:36:39,59,23.854
 07-06-2024 22:36:39,60,36.54
 07-06-2024 22:36:40,54,29.226
 07-06-2024 22:36:41,60,40.852
 07-06-2024 22:36:42,59,38.574
 07-06-2024 22:36:43,60,45.637
 07-06-2024 22:36:44,58,33.925
 07-06-2024 22:36:45,56,17.613
 07-06-2024 22:36:46,54,15.551
 07-06-2024 22:36:47,56,22.464
 07-06-2024 22:36:48,56,13.45
 07-06-2024 22:36:49,50,16.468
 07-06-2024 22:36:50,50,18.751
 07-06-2024 22:36:51,56,17.295
 07-06-2024 22:36:52,56,18.899
 07-06-2024 22:36:53,54,12.69
 07-06-2024 22:36:54,55,13.948
 07-06-2024 22:36:55,57,16.218
 07-06-2024 22:36:56,56,10.936
 07-06-2024 22:36:57,52,17.525
 07-06-2024 22:36:58,56,21.041
 07-06-2024 22:36:59,60,29.333
 07-06-2024 22:37:00,56,40.167
 07-06-2024 22:37:01,58,32.595
 07-06-2024 22:37:02,58,24.693
 07-06-2024 22:37:03,55,16.53
 07-06-2024 22:37:04,55,15.411
 07-06-2024 22:37:05,56,11.498
 07-06-2024 22:37:06,54,14.992
 07-06-2024 22:37:07,58,16.26
 07-06-2024 22:37:08,54,16.417
 07-06-2024 22:37:09,51,19.171
 07-06-2024 22:37:10,55,17.552
 07-06-2024 22:37:11,55,22.242
 07-06-2024 22:37:16,61,32.507
 07-06-2024 22:37:18,56,58.207
 07-06-2024 22:37:18,60,89.301
 07-06-2024 22:37:19,62,89.51
 07-06-2024 22:37:20,60,73.807
 07-06-2024 22:37:21,61,64.705
 07-06-2024 22:37:22,53,46.324
 07-06-2024 22:37:23,55,22.653
 07-06-2024 22:37:24,49,18.303
 07-06-2024 22:37:25,55,24.027
 07-06-2024 22:37:26,57,34.136
 07-06-2024 22:37:27,56,25.897
 07-06-2024 22:37:28,53,12.209
 07-06-2024 22:37:29,56,22.336
 07-06-2024 22:37:30,60,29.643
 07-06-2024 22:37:31,59,34.356
 07-06-2024 22:37:32,56,15.574
 07-06-2024 22:37:33,49,12.821
 07-06-2024 22:37:34,56,10.017
 07-06-2024 22:37:35,55,10.307
 07-06-2024 22:37:36,48,7.651
 07-06-2024 22:37:37,52,8.798
 07-06-2024 22:37:38,49,5.729
 07-06-2024 22:37:39,53,9.768
 07-06-2024 22:37:40,47,7.09
 07-06-2024 22:37:41,55,8.343
 07-06-2024 22:37:42,47,9.415
 07-06-2024 22:37:43,54,6.398
 07-06-2024 22:37:44,61,9.651
 07-06-2024 22:37:45,58,7.041
 07-06-2024 22:37:46,55,12.957
 07-06-2024 22:37:47,52,8.37
 07-06-2024 22:37:48,58,9.352
 07-06-2024 22:37:49,49,8.757
 07-06-2024 22:37:50,55,9.017
 07-06-2024 22:37:51,52,10.757
 07-06-2024 22:37:52,54,9.656
 07-06-2024 22:37:53,59,16.654
 07-06-2024 22:37:54,48,11.349
 07-06-2024 22:37:55,56,15.006
 07-06-2024 22:37:56,54,10.921
 07-06-2024 22:37:57,56,9.509
 07-06-2024 22:37:58,50,11.517
 07-06-2024 22:37:59,54,13.7
 07-06-2024 22:38:00,55,12.995
 07-06-2024 22:38:01,53,11.275
 07-06-2024 22:38:02,53,12.981
 07-06-2024 22:38:03,50,8.362
 07-06-2024 22:38:04,54,7.196
 07-06-2024 22:38:05,51,12.973
 07-06-2024 22:38:06,57,18.008
 07-06-2024 22:38:07,52,12.248
 07-06-2024 22:38:08,50,11.185
 07-06-2024 22:38:09,53,9.884
 07-06-2024 22:38:10,49,13.699
 07-06-2024 22:38:11,51,7.456
 07-06-2024 22:38:12,58,11.27
 07-06-2024 22:38:13,52,7.47
 07-06-2024 22:38:14,58,9.297
 07-06-2024 22:38:15,49,7.838
 07-06-2024 22:38:16,53,9.569
 07-06-2024 22:38:17,49,7.025
 07-06-2024 22:38:18,52,7.374
 07-06-2024 22:38:19,48,6.293
 07-06-2024 22:38:20,55,6.568
 07-06-2024 22:38:21,49,8.186
 07-06-2024 22:38:22,52,11.045
 07-06-2024 22:38:23,49,8.239
 07-06-2024 22:38:24,55,8.268
 07-06-2024 22:38:25,52,13.648
 07-06-2024 22:38:26,52,8.567
 07-06-2024 22:38:27,55,13.23
 07-06-2024 22:38:28,47,7.193
 07-06-2024 22:38:29,56,7.14
 07-06-2024 22:38:30,47,7.334
 07-06-2024 22:38:31,52,7.439
 07-06-2024 22:38:32,49,8.155
 07-06-2024 22:38:33,52,6.375
 07-06-2024 22:38:34,49,7.85
 07-06-2024 22:38:35,54,6.669
 07-06-2024 22:38:36,52,10.739
 07-06-2024 22:38:37,46,6.598
 07-06-2024 22:38:38,56,9.387
 07-06-2024 22:38:39,48,6.762
 07-06-2024 22:38:40,52,6.705
 07-06-2024 22:38:41,48,6.777
 07-06-2024 22:38:42,52,6.126
 07-06-2024 22:38:43,48,13.364
 07-06-2024 22:38:44,52,6.229
 07-06-2024 22:38:45,50,8.855
 07-06-2024 22:38:46,49,6.604
 07-06-2024 22:38:47,49,8.173
 07-06-2024 22:38:48,47,5.493
 07-06-2024 22:38:49,51,8.11
 07-06-2024 22:38:50,47,7.261
 07-06-2024 22:38:51,51,6.517
 07-06-2024 22:38:52,49,7.395
 07-06-2024 22:38:53,56,11.332
 07-06-2024 22:38:54,51,14.745
 07-06-2024 22:38:55,49,7.026
 07-06-2024 22:38:56,53,10.615
 07-06-2024 22:38:57,48,8.065
 07-06-2024 22:38:58,54,7.301
 07-06-2024 22:38:59,51,7.331
 07-06-2024 22:39:00,52,7.382
 07-06-2024 22:39:01,52,9.099
 07-06-2024 22:39:02,55,8.044
 07-06-2024 22:39:03,50,8.659
 07-06-2024 22:39:04,58,7.802
 07-06-2024 22:39:05,49,11.223
 07-06-2024 22:39:06,49,11.705
 07-06-2024 22:39:07,54,14.064
 07-06-2024 22:39:08,48,8.502
 07-06-2024 22:39:09,56,10.817
 07-06-2024 22:39:10,52,7.464
 07-06-2024 22:39:11,50,7.807
 07-06-2024 22:39:12,56,16.005
 07-06-2024 22:39:13,55,22.713
 07-06-2024 22:39:14,53,15.703
 07-06-2024 22:39:15,51,12.262
 07-06-2024 22:39:16,49,10.148
 07-06-2024 22:39:17,55,6.478
 07-06-2024 22:39:18,47,7.284
 07-06-2024 22:39:19,51,6.198
 07-06-2024 22:39:20,55,11.231
 07-06-2024 22:39:21,53,7.51
 07-06-2024 22:39:22,53,10.236
 07-06-2024 22:39:23,47,5.338
 07-06-2024 22:39:24,57,18.844
 07-06-2024 22:39:25,56,28.293
 07-06-2024 22:39:26,57,21.45
 07-06-2024 22:39:27,57,76.111
 07-06-2024 22:39:28,61,42.199
 07-06-2024 22:39:29,65,98.387
 07-06-2024 22:39:30,67,92.966
 07-06-2024 22:39:31,66,100
 07-06-2024 22:39:32,66,100
 07-06-2024 22:39:33,66,100
 07-06-2024 22:39:34,66,100
 07-06-2024 22:39:35,66,100
 07-06-2024 22:39:36,66,100
 07-06-2024 22:39:37,66,100
 07-06-2024 22:39:38,66,100
 07-06-2024 22:39:39,66,100
 07-06-2024 22:39:40,66,100
 07-06-2024 22:39:41,66,100
 07-06-2024 22:39:42,67,100
 07-06-2024 22:39:43,66,100
 07-06-2024 22:39:44,66,100
 07-06-2024 22:39:45,67,100
 07-06-2024 22:39:46,67,100
 07-06-2024 22:39:47,67,100
 07-06-2024 22:39:48,66,100
 07-06-2024 22:39:49,66,100
 07-06-2024 22:39:50,66,100
 07-06-2024 22:39:51,67,100
 07-06-2024 22:39:52,67,100
 07-06-2024 22:39:53,67,100
 07-06-2024 22:39:54,67,100
 07-06-2024 22:39:55,67,100
 07-06-2024 22:39:56,67,100
 07-06-2024 22:39:57,67,100
 07-06-2024 22:39:58,66,100
 07-06-2024 22:39:59,67,100
 07-06-2024 22:40:00,66,100
 07-06-2024 22:40:01,67,100
 07-06-2024 22:40:02,66,100
 07-06-2024 22:40:03,67,100
 07-06-2024 22:40:04,66,100
 07-06-2024 22:40:05,67,100
 07-06-2024 22:40:06,66,100
 07-06-2024 22:40:07,67,100
 07-06-2024 22:40:08,67,100
 07-06-2024 22:40:09,67,100
 07-06-2024 22:40:10,67,100
 07-06-2024 22:40:11,67,100
 07-06-2024 22:40:12,67,100
 07-06-2024 22:40:13,67,100
 07-06-2024 22:40:14,67,100
 07-06-2024 22:40:15,67,100
 07-06-2024 22:40:16,67,100
 07-06-2024 22:40:17,67,100
 07-06-2024 22:40:18,67,100
 07-06-2024 22:40:19,68,100
 07-06-2024 22:40:20,68,100
 07-06-2024 22:40:21,68,100
 07-06-2024 22:40:22,68,100
 07-06-2024 22:40:23,68,100
 07-06-2024 22:40:24,68,100
 07-06-2024 22:40:25,67,100
 07-06-2024 22:40:26,67,100
 07-06-2024 22:40:27,67,100
 07-06-2024 22:40:28,68,100
 07-06-2024 22:40:29,68,100
 07-06-2024 22:40:30,68,100
 07-06-2024 22:40:31,67,100
 07-06-2024 22:40:32,68,100
 07-06-2024 22:40:33,68,100
 07-06-2024 22:40:34,68,100
 07-06-2024 22:40:35,68,100
 07-06-2024 22:40:36,68,100
 07-06-2024 22:40:37,68,100
 07-06-2024 22:40:38,67,100
 07-06-2024 22:40:39,68,100
 07-06-2024 22:40:40,68,100
 07-06-2024 22:40:41,68,100
 07-06-2024 22:40:42,70,100
 07-06-2024 22:40:43,67,100
 07-06-2024 22:40:44,68,100
 07-06-2024 22:40:45,69,100
 07-06-2024 22:40:46,68,100
 07-06-2024 22:40:47,68,100
 07-06-2024 22:40:48,67,100
 07-06-2024 22:40:49,69,100
 07-06-2024 22:40:50,70,100
 07-06-2024 22:40:51,67,100
 07-06-2024 22:40:52,68,100
 07-06-2024 22:40:53,68,100
 07-06-2024 22:40:54,68,100
 07-06-2024 22:40:55,62,50.1
 07-06-2024 22:40:56,62,88.531
 07-06-2024 22:40:57,65,96.841
 07-06-2024 22:40:58,69,95.453
 07-06-2024 22:40:59,70,100
 07-06-2024 22:41:00,68,100
 07-06-2024 22:41:01,68,100
 07-06-2024 22:41:02,68,100
 07-06-2024 22:41:03,68,100
 07-06-2024 22:41:04,69,100
 07-06-2024 22:41:05,70,100
 07-06-2024 22:41:06,70,100
 07-06-2024 22:41:07,70,100
 07-06-2024 22:41:08,70,100
 07-06-2024 22:41:09,68,100
 07-06-2024 22:41:10,69,100
 07-06-2024 22:41:11,69,100
 07-06-2024 22:41:12,68,100
 07-06-2024 22:41:13,70,100
 07-06-2024 22:41:14,70,100
 07-06-2024 22:41:15,70,100
 07-06-2024 22:41:16,70,100
 07-06-2024 22:41:17,70,100
 07-06-2024 22:41:18,70,100
 07-06-2024 22:41:19,70,100
 07-06-2024 22:41:20,70,100
 07-06-2024 22:41:21,70,100
 07-06-2024 22:41:22,70,100
 07-06-2024 22:41:23,70,100
 07-06-2024 22:41:24,70,100
 07-06-2024 22:41:25,70,100
 07-06-2024 22:41:26,70,100
 07-06-2024 22:41:27,70,100
 07-06-2024 22:41:28,71,100
 07-06-2024 22:41:29,70,100
 07-06-2024 22:41:30,70,100
 07-06-2024 22:41:31,70,100
 07-06-2024 22:41:32,71,100
 07-06-2024 22:41:33,70,100
 07-06-2024 22:41:34,71,100
 07-06-2024 22:41:35,70,100
 07-06-2024 22:41:36,70,100
 07-06-2024 22:41:37,71,100
 07-06-2024 22:41:38,71,100
 07-06-2024 22:41:39,71,100
 07-06-2024 22:41:40,71,100
 07-06-2024 22:41:41,70,100
 07-06-2024 22:41:42,71,100
 07-06-2024 22:41:43,71,100
 07-06-2024 22:41:44,71,100
 07-06-2024 22:41:45,71,100
 07-06-2024 22:41:46,70,100
 07-06-2024 22:41:47,71,100
 07-06-2024 22:41:48,70,100
 07-06-2024 22:41:49,70,100
 07-06-2024 22:41:50,70,100
 07-06-2024 22:41:51,70,100
 07-06-2024 22:41:52,71,100
 07-06-2024 22:41:53,70,100
 07-06-2024 22:41:54,71,100
 07-06-2024 22:41:55,71,100
 07-06-2024 22:41:56,70,100
 07-06-2024 22:41:57,70,100
 07-06-2024 22:41:58,70,100
 07-06-2024 22:41:59,70,100
 07-06-2024 22:42:00,71,100
 07-06-2024 22:42:01,71,100
 07-06-2024 22:42:02,70,100
 07-06-2024 22:42:03,71,100
 07-06-2024 22:42:04,71,100
 07-06-2024 22:42:05,70,100
 07-06-2024 22:42:06,71,100
 07-06-2024 22:42:07,70,100
 07-06-2024 22:42:08,71,100
 07-06-2024 22:42:09,70,100
 07-06-2024 22:42:10,71,100
 07-06-2024 22:42:11,70,100
 07-06-2024 22:42:12,71,100
 07-06-2024 22:42:13,70,100
 07-06-2024 22:42:14,71,100
 07-06-2024 22:42:15,71,100
 07-06-2024 22:42:16,71,100
 07-06-2024 22:42:17,71,100
 07-06-2024 22:42:18,71,100
 07-06-2024 22:42:19,71,100
 07-06-2024 22:42:20,70,100
 07-06-2024 22:42:21,70,100
 07-06-2024 22:42:22,62,62.946
 07-06-2024 22:42:23,64,73.876
 07-06-2024 22:42:24,69,99.425
 07-06-2024 22:42:25,69,92.977
 07-06-2024 22:42:26,71,100
 07-06-2024 22:42:27,70,100
 07-06-2024 22:42:28,71,100
 07-06-2024 22:42:29,71,100
 07-06-2024 22:42:30,71,100
 07-06-2024 22:42:31,70,100
 07-06-2024 22:42:32,71,100
 07-06-2024 22:42:33,71,100
 07-06-2024 22:42:34,70,100
 07-06-2024 22:42:35,70,100
 07-06-2024 22:42:36,71,100
 07-06-2024 22:42:37,71,100
 07-06-2024 22:42:38,71,100
 07-06-2024 22:42:39,71,100
 07-06-2024 22:42:40,71,100
 07-06-2024 22:42:41,71,100
 07-06-2024 22:42:42,71,100
 07-06-2024 22:42:43,71,100
 07-06-2024 22:42:44,70,100
 07-06-2024 22:42:45,71,100
 07-06-2024 22:42:46,71,100
 07-06-2024 22:42:47,73,100
 07-06-2024 22:42:48,71,100
 07-06-2024 22:42:49,71,100
 07-06-2024 22:42:50,71,100
 07-06-2024 22:42:51,70,100
 07-06-2024 22:42:52,71,100
 07-06-2024 22:42:53,71,100
 07-06-2024 22:42:54,70,100
 07-06-2024 22:42:55,71,100
 07-06-2024 22:42:56,70,100
 07-06-2024 22:42:57,71,100
 07-06-2024 22:42:58,70,100
 07-06-2024 22:42:59,71,100
 07-06-2024 22:43:00,70,100
 07-06-2024 22:43:01,71,100
 07-06-2024 22:43:02,70,100
 07-06-2024 22:43:03,71,100
 07-06-2024 22:43:04,71,100
 07-06-2024 22:43:05,71,100
 07-06-2024 22:43:06,71,100
 07-06-2024 22:43:07,70,100
 07-06-2024 22:43:08,70,100
 07-06-2024 22:43:09,71,100
 07-06-2024 22:43:10,73,100
 07-06-2024 22:43:11,71,100
 07-06-2024 22:43:12,71,100
 07-06-2024 22:43:13,71,100
 07-06-2024 22:43:14,71,100
 07-06-2024 22:43:15,71,100
 07-06-2024 22:43:16,71,100
 07-06-2024 22:43:17,71,100
 07-06-2024 22:43:18,71,100
 07-06-2024 22:43:19,71,100
 07-06-2024 22:43:20,71,100
 07-06-2024 22:43:21,71,100
 07-06-2024 22:43:22,71,100
 07-06-2024 22:43:23,72,100
 07-06-2024 22:43:24,71,100
 07-06-2024 22:43:25,71,100
 07-06-2024 22:43:26,70,100
 07-06-2024 22:43:27,71,100
 07-06-2024 22:43:28,73,100
 07-06-2024 22:43:29,71,100
 07-06-2024 22:43:30,71,100
 07-06-2024 22:43:31,71,100
 07-06-2024 22:43:32,71,100
 07-06-2024 22:43:33,71,100
 07-06-2024 22:43:34,71,100
 07-06-2024 22:43:35,71,100
 07-06-2024 22:43:36,71,100
 07-06-2024 22:43:37,71,100
 07-06-2024 22:43:38,71,100
 07-06-2024 22:43:39,73,100
 07-06-2024 22:43:40,71,100
 07-06-2024 22:43:41,71,100
 07-06-2024 22:43:42,71,100
 07-06-2024 22:43:43,73,100
 07-06-2024 22:43:44,73,100
 07-06-2024 22:43:45,73,100
 07-06-2024 22:43:46,71,100
 07-06-2024 22:43:47,71,100
 07-06-2024 22:43:48,73,100
 07-06-2024 22:43:49,71,100
 07-06-2024 22:43:50,62,70.771
 07-06-2024 22:43:51,61,62.261
 07-06-2024 22:43:52,70,99.415
 07-06-2024 22:43:53,70,91.8
 07-06-2024 22:43:54,71,100
 07-06-2024 22:43:55,58,17.795
 07-06-2024 22:43:56,60,10.771
 07-06-2024 22:43:57,61,15.816
 07-06-2024 22:43:58,53,8.881
 07-06-2024 22:43:59,60,8.515
 07-06-2024 22:44:00,58,8.682
 07-06-2024 22:44:01,56,6.425
 07-06-2024 22:44:02,60,6.799
 07-06-2024 22:44:03,56,6.763
 07-06-2024 22:44:04,58,6.432
 07-06-2024 22:44:05,54,6.923
 07-06-2024 22:44:06,58,7.785
 07-06-2024 22:44:07,54,9.438
 07-06-2024 22:44:08,60,5.328
 07-06-2024 22:44:09,52,6.602
 07-06-2024 22:44:10,58,5.747
 07-06-2024 22:44:11,58,7.592
 07-06-2024 22:44:12,58,6.333
 07-06-2024 22:44:13,57,9.167
 07-06-2024 22:44:14,52,6.555
 07-06-2024 22:44:15,56,8.597
 07-06-2024 22:44:16,52,6.933
 07-06-2024 22:44:17,56,8.33
 07-06-2024 22:44:18,51,10.221
 07-06-2024 22:44:19,58,7.412
 07-06-2024 22:44:20,52,6.278
 07-06-2024 22:44:21,54,6.745
 07-06-2024 22:44:22,58,7.22
 07-06-2024 22:44:23,56,5.518
 07-06-2024 22:44:24,60,8.398
 07-06-2024 22:44:25,59,5.238
 07-06-2024 22:44:26,58,10.699
 07-06-2024 22:44:27,54,13.083
 07-06-2024 22:44:28,58,9.057
 07-06-2024 22:44:29,51,6.597
 07-06-2024 22:44:30,55,6.439
 07-06-2024 22:44:31,58,15.301
 07-06-2024 22:44:32,51,7.405
 07-06-2024 22:44:33,58,8.294
 07-06-2024 22:44:34,58,7.194
 07-06-2024 22:44:35,58,12.238
 07-06-2024 22:44:36,59,14.138
 07-06-2024 22:44:37,58,13.288
 07-06-2024 22:44:38,57,12.293
 07-06-2024 22:44:39,55,5.675
 07-06-2024 22:44:40,56,9.17
 07-06-2024 22:44:41,49,6.47
 07-06-2024 22:44:42,56,9.848
 07-06-2024 22:44:43,58,7.625
 07-06-2024 22:44:44,60,7.542
 07-06-2024 22:44:45,56,11.295
 07-06-2024 22:44:46,56,12.758
 07-06-2024 22:44:47,54,12.862
 07-06-2024 22:44:48,54,7.264
 07-06-2024 22:44:49,53,9.202
 07-06-2024 22:44:50,51,6.678
 07-06-2024 22:44:51,55,6.753
 07-06-2024 22:44:52,50,7.041
 07-06-2024 22:44:53,53,5.846
 07-06-2024 22:44:54,49,7.108
 07-06-2024 22:44:55,54,5.503
 07-06-2024 22:44:56,51,8.85
 07-06-2024 22:44:57,58,9.064
 07-06-2024 22:44:58,55,8.577
 07-06-2024 22:44:59,49,6.811
 07-06-2024 22:45:00,58,6.302
 07-06-2024 22:45:01,51,6.217
 07-06-2024 22:45:02,56,7.551
 07-06-2024 22:45:03,49,5.449
 07-06-2024 22:45:04,56,6.473
 07-06-2024 22:45:05,52,10.028
 07-06-2024 22:45:06,51,9.583
 07-06-2024 22:45:07,55,16.627
 07-06-2024 22:45:08,51,6.924
 07-06-2024 22:45:09,54,7.979
 07-06-2024 22:45:10,49,5.569
 07-06-2024 22:45:11,55,7.126
 07-06-2024 22:45:12,49,5.306
 07-06-2024 22:45:13,55,7.411
 07-06-2024 22:45:14,50,5.708
 07-06-2024 22:45:15,56,7.473
 07-06-2024 22:45:16,54,7.324
 07-06-2024 22:45:17,52,7.04
 07-06-2024 22:45:18,49,11.98
 07-06-2024 22:45:19,55,5.149
 07-06-2024 22:45:20,49,8.424
 07-06-2024 22:45:21,51,5.54
 07-06-2024 22:45:22,54,6.445
 07-06-2024 22:45:23,48,5.655
 07-06-2024 22:45:24,55,6.896
 07-06-2024 22:45:25,49,5.407
 07-06-2024 22:45:26,55,9.878
 07-06-2024 22:45:27,48,7.178
 07-06-2024 22:45:28,55,7.324
 07-06-2024 22:45:29,49,11.154
 07-06-2024 22:45:30,52,4.58
 07-06-2024 22:45:31,50,10.229
 07-06-2024 22:45:32,53,6.747
 07-06-2024 22:45:33,49,7.316
 07-06-2024 22:45:34,52,4.264
 07-06-2024 22:45:35,56,7.857
 07-06-2024 22:45:36,49,5.891
 07-06-2024 22:45:37,55,8.815
 07-06-2024 22:45:38,49,6.208
 07-06-2024 22:45:39,52,7.917
 07-06-2024 22:45:40,49,7.042
 07-06-2024 22:45:41,55,7.086
 07-06-2024 22:45:42,50,6.181
 07-06-2024 22:45:43,51,13.43
 07-06-2024 22:45:44,50,11.295
 07-06-2024 22:45:45,53,6.48
 07-06-2024 22:45:46,53,13.872
 07-06-2024 22:45:47,47,7.098
 07-06-2024 22:45:48,55,11.429
 07-06-2024 22:45:49,48,7.945
 07-06-2024 22:45:50,51,7.332
 07-06-2024 22:45:51,48,6.379
 07-06-2024 22:45:52,53,5.856
 07-06-2024 22:45:53,48,8.965
 07-06-2024 22:45:54,51,6.026
 07-06-2024 22:45:55,51,21.728
 07-06-2024 22:45:56,52,8.736
 07-06-2024 22:45:57,54,10.048
 07-06-2024 22:45:58,49,7.987
 07-06-2024 22:45:59,52,6.245
 07-06-2024 22:46:00,50,8.09
 07-06-2024 22:46:01,50,4.762
 07-06-2024 22:46:02,54,7.85
 07-06-2024 22:46:03,47,4.838
 07-06-2024 22:46:04,52,7.47
 07-06-2024 22:46:05,48,4.402
 07-06-2024 22:46:06,57,8.492
 07-06-2024 22:46:07,55,4.125
 07-06-2024 22:46:08,61,16.902
 07-06-2024 22:46:09,49,10.096
 07-06-2024 22:46:10,52,8.497
 07-06-2024 22:46:11,52,11.137
 07-06-2024 22:46:12,48,8.614
 07-06-2024 22:46:13,54,9.647
 07-06-2024 22:46:14,48,6
 07-06-2024 22:46:15,52,6.829
 07-06-2024 22:46:16,50,5.348
 07-06-2024 22:46:17,50,10.528
 07-06-2024 22:46:18,48,9.518
 07-06-2024 22:46:19,59,15.114
 07-06-2024 22:46:20,50,16.316
 07-06-2024 22:46:21,51,14.474
 07-06-2024 22:46:22,54,13.221
 07-06-2024 22:46:23,50,8.494
 07-06-2024 22:46:24,55,6.027
 07-06-2024 22:46:25,51,11.919
 07-06-2024 22:46:26,57,9.221
 07-06-2024 22:46:27,56,8.929
 07-06-2024 22:46:28,57,10.074
 07-06-2024 22:46:29,56,12.048
 07-06-2024 22:46:30,49,6.979
 07-06-2024 22:46:31,52,10.283
 07-06-2024 22:46:32,49,8.738
 07-06-2024 22:46:33,52,6.206
 07-06-2024 22:46:34,50,9.713
 07-06-2024 22:46:35,55,5.194
 07-06-2024 22:46:36,51,10.456
 07-06-2024 22:46:37,55,7.369
 07-06-2024 22:46:38,56,8.566
 07-06-2024 22:46:39,52,6.747
 07-06-2024 22:46:40,55,7.56
 07-06-2024 22:46:41,49,8.073
 07-06-2024 22:46:42,55,7.16
 07-06-2024 22:46:43,48,6.407
 07-06-2024 22:46:44,53,5.648
 07-06-2024 22:46:45,48,7.033
 07-06-2024 22:46:46,48,4.36
 07-06-2024 22:46:47,53,8.57
 07-06-2024 22:46:48,47,5.569
 07-06-2024 22:46:49,56,7.006
 07-06-2024 22:46:50,47,4.794
 07-06-2024 22:46:51,55,8.429
 07-06-2024 22:46:52,48,5.106
 07-06-2024 22:46:53,55,6.294
 07-06-2024 22:46:54,51,6.331
 07-06-2024 22:46:55,55,5.841
 07-06-2024 22:46:56,48,7.08
 07-06-2024 22:46:57,56,6.143
 07-06-2024 22:46:58,49,6.894
 07-06-2024 22:46:59,53,7.235
 07-06-2024 22:47:00,50,10.381
 07-06-2024 22:47:01,50,6.625
 07-06-2024 22:47:02,55,8.291
 07-06-2024 22:47:03,49,6.387
 07-06-2024 22:47:04,52,7.252
 07-06-2024 22:47:05,48,6.486
 07-06-2024 22:47:06,52,8.008
 07-06-2024 22:47:07,48,6.708
 07-06-2024 22:47:08,51,4.689
 07-06-2024 22:47:09,51,7.516
 07-06-2024 22:47:10,52,5.516
 07-06-2024 22:47:11,55,7.433
 07-06-2024 22:47:12,49,5.528
 07-06-2024 22:47:13,54,6.972
 07-06-2024 22:47:14,50,5.888
 07-06-2024 22:47:15,51,9.731
 07-06-2024 22:47:16,49,7.766
 07-06-2024 22:47:17,52,6.368
 07-06-2024 22:47:18,51,6.04
 07-06-2024 22:47:19,54,6.602
 07-06-2024 22:47:20,50,9.186
 07-06-2024 22:47:21,52,6.681
 07-06-2024 22:47:22,54,10.338
 07-06-2024 22:47:23,56,11.617
 07-06-2024 22:47:24,52,10.862
 07-06-2024 22:47:25,52,8.713
 07-06-2024 22:47:26,52,7.371
 07-06-2024 22:47:27,49,10.715
 07-06-2024 22:47:28,58,8.676
 07-06-2024 22:47:29,55,11.423
 07-06-2024 22:47:30,54,7.244
 07-06-2024 22:47:31,53,9.024
 07-06-2024 22:47:32,54,5.747
 07-06-2024 22:47:33,54,9.249
 07-06-2024 22:47:34,49,10.83
 07-06-2024 22:47:35,58,6.47
 07-06-2024 22:47:36,50,7.593
 07-06-2024 22:47:37,50,6.001
 07-06-2024 22:47:38,56,11.686
 07-06-2024 22:47:39,49,6.779
 07-06-2024 22:47:40,52,9.153
 07-06-2024 22:47:41,52,9.098
 07-06-2024 22:47:42,58,13.803
 07-06-2024 22:47:43,52,11.355
 07-06-2024 22:47:44,53,6.149
 07-06-2024 22:47:45,48,9.1
 07-06-2024 22:47:46,58,5.548
 07-06-2024 22:47:47,55,9.68
 07-06-2024 22:47:48,49,4.618
 07-06-2024 22:47:49,55,11.241
 07-06-2024 22:47:50,49,12.03
 07-06-2024 22:47:51,54,6.849
 07-06-2024 22:47:52,51,6.984
 07-06-2024 22:47:53,58,10.33
 07-06-2024 22:47:54,48,8.861
 07-06-2024 22:47:55,56,7.91
 07-06-2024 22:47:56,51,9.131
 07-06-2024 22:47:57,48,9.421
 07-06-2024 22:47:58,54,14.636
 07-06-2024 22:47:59,49,5.885
 07-06-2024 22:48:00,50,6.313
 07-06-2024 22:48:01,48,7.22
 07-06-2024 22:48:02,53,7.826
 07-06-2024 22:48:03,50,7.033
 07-06-2024 22:48:04,56,6.207
 07-06-2024 22:48:05,48,5.497
 07-06-2024 22:48:06,53,6.264
 07-06-2024 22:48:07,49,5.691
 07-06-2024 22:48:08,50,5.368
 07-06-2024 22:48:09,49,7.59
 07-06-2024 22:48:10,52,4.897
 07-06-2024 22:48:11,54,7.374
 07-06-2024 22:48:12,48,5.114
 07-06-2024 22:48:13,55,7.027
 07-06-2024 22:48:14,48,5.513
 07-06-2024 22:48:15,57,5.984
 07-06-2024 22:48:16,49,5.052
 07-06-2024 22:48:17,53,6.931
 07-06-2024 22:48:18,48,5.474
 07-06-2024 22:48:19,52,6.012
 07-06-2024 22:48:20,48,5.266
 07-06-2024 22:48:21,48,6.092
 07-06-2024 22:48:22,47,7.364
 07-06-2024 22:48:23,53,4.549
 07-06-2024 22:48:24,49,6.467
 07-06-2024 22:48:25,51,5.566
 07-06-2024 22:48:26,51,7.072
 07-06-2024 22:48:27,52,5.263
 07-06-2024 22:48:28,54,7.258
 07-06-2024 22:48:29,47,5.235
 07-06-2024 22:48:30,53,5.885
 07-06-2024 22:48:31,48,6.531
 07-06-2024 22:48:32,53,7.367
 07-06-2024 22:48:33,47,5.681
 07-06-2024 22:48:34,57,5.236
 07-06-2024 22:48:35,52,6.759
 07-06-2024 22:48:36,52,7.605
 07-06-2024 22:48:37,49,6.51
 07-06-2024 22:48:38,55,7.725
 07-06-2024 22:48:39,46,7.305
 07-06-2024 22:48:40,52,5.547
 07-06-2024 22:48:41,48,6.66
 07-06-2024 22:48:42,53,6.183
 07-06-2024 22:48:43,52,6.193
 07-06-2024 22:48:44,47,6.31
 07-06-2024 22:48:45,51,11.019
 07-06-2024 22:48:46,49,6.06
 07-06-2024 22:48:47,52,5.953
 07-06-2024 22:48:48,58,7.957
 07-06-2024 22:48:49,51,6.686
 07-06-2024 22:48:50,47,7.94
 07-06-2024 22:48:51,49,7.178
 07-06-2024 22:48:52,47,6.611
 07-06-2024 22:48:53,53,6.294
 07-06-2024 22:48:54,48,8.724
 07-06-2024 22:48:55,48,5.096
 07-06-2024 22:48:56,52,7.978
 07-06-2024 22:48:57,47,4.947
 07-06-2024 22:48:58,51,7.666
 07-06-2024 22:48:59,47,4.861
 07-06-2024 22:49:00,55,7.174
 07-06-2024 22:49:01,48,5.036
 07-06-2024 22:49:02,52,6.869
 07-06-2024 22:49:03,47,6.099
 07-06-2024 22:49:04,49,6.068
 07-06-2024 22:49:05,47,6.039
 07-06-2024 22:49:06,51,6.123
 07-06-2024 22:49:07,47,5.749
 07-06-2024 22:49:08,53,5.384
 07-06-2024 22:49:09,52,10.594
 07-06-2024 22:49:10,46,4.947
 07-06-2024 22:49:11,53,6.202
 07-06-2024 22:49:12,46,5.467
 07-06-2024 22:49:13,52,6.124
 07-06-2024 22:49:14,47,5.491
 07-06-2024 22:49:15,55,6.24
 07-06-2024 22:49:16,51,6.231
 07-06-2024 22:49:17,49,6.051
 07-06-2024 22:49:18,47,5.981
 07-06-2024 22:49:19,55,7.566
 07-06-2024 22:49:20,49,8.575
 07-06-2024 22:49:21,52,6.288
 07-06-2024 22:49:22,55,10.304
 07-06-2024 22:49:23,50,7.728
 07-06-2024 22:49:24,55,12.211
 07-06-2024 22:49:25,53,8.243
 07-06-2024 22:49:26,49,14.176
 07-06-2024 22:49:27,48,10.938
 07-06-2024 22:49:28,58,11.76
 07-06-2024 22:49:29,58,10.739
 07-06-2024 22:49:30,56,9.702
 07-06-2024 22:49:31,47,6.499
 07-06-2024 22:49:32,46,4.927
 07-06-2024 22:49:33,47,6.837
 07-06-2024 22:49:34,52,7.445
 07-06-2024 22:49:35,52,8.071
 07-06-2024 22:49:36,47,5.646
 07-06-2024 22:49:37,51,5.802
 07-06-2024 22:49:38,47,5.605
 07-06-2024 22:49:39,53,5.948
 07-06-2024 22:49:40,47,5.835
 07-06-2024 22:49:41,50,6.064
 07-06-2024 22:49:42,47,6.3
 07-06-2024 22:49:43,51,5.868
 07-06-2024 22:49:44,47,5.406
 07-06-2024 22:49:45,52,6.076
 07-06-2024 22:49:46,47,6.296
 07-06-2024 22:49:47,49,5.9
 07-06-2024 22:49:48,48,6.376
 07-06-2024 22:49:49,58,16.41
 07-06-2024 22:49:50,53,24.814
 07-06-2024 22:49:51,47,5.66
 07-06-2024 22:49:52,54,6.611
 07-06-2024 22:49:53,47,5.643
 07-06-2024 22:49:54,52,5.081
 07-06-2024 22:49:55,47,6.059
 07-06-2024 22:49:56,47,6.32
 07-06-2024 22:49:57,46,5.982
 07-06-2024 22:49:58,53,6.384
 07-06-2024 22:49:59,47,6.488
 07-06-2024 22:50:00,51,4.662
 07-06-2024 22:50:01,48,7.632
 07-06-2024 22:50:02,54,5.662
 07-06-2024 22:50:03,51,5.678
 07-06-2024 22:50:04,46,4.857
 07-06-2024 22:50:05,52,7.099
 07-06-2024 22:50:06,46,5.911
 07-06-2024 22:50:07,52,6.647
 07-06-2024 22:50:08,49,5.098
 07-06-2024 22:50:09,55,9.957
 07-06-2024 22:50:10,50,6.878
 07-06-2024 22:50:11,56,6.964
 07-06-2024 22:50:12,47,5.908
 07-06-2024 22:50:13,50,6.198
